-- Mobile-focused SQLite dump derived from backend/database/db/db.sqlite
-- Scope: subset tabel domain yang dipakai folder mobile-fix.
-- Included tables:
-- users, personal_access_tokens, admin_profiles, teacher_profiles, student_profiles,
-- majors, classes, school_years, semesters, rooms, subjects, time_slots,
-- class_schedules, daily_schedules, schedule_items, qrcodes, attendances,
-- attendance_attachments, devices, settings, absence_requests,
-- student_leave_permissions, student_follow_ups
-- Excluded: migrations, sessions, cache, jobs, telescope, password resets, dan tabel infra Laravel lain.
/* WARNING: Script requires that SQLITE_DBCONFIG_DEFENSIVE be disabled */
PRAGMA foreign_keys=OFF;
BEGIN TRANSACTION;
CREATE TABLE IF NOT EXISTS "users" ("id" integer primary key autoincrement not null, "name" varchar not null, "username" varchar not null, "email" varchar, "password" varchar not null, "phone" varchar, "contact" varchar, "code" varchar, "user_type" varchar check ("user_type" in ('admin', 'teacher', 'student')) not null, "active" tinyint(1) not null default '1', "remember_token" varchar, "created_at" datetime, "updated_at" datetime);
INSERT INTO users VALUES(1,'Anwar, S.Kom','anwar.skom','anwar.skom@sekolah.sch.id','$2y$12$hSywg4ONmGdUKFP/5GZrxOsbsXPwmYH8J1EjkyxW.07u4yXW3tIc2',NULL,NULL,NULL,'teacher',1,NULL,'2026-03-03 05:00:03','2026-03-03 05:00:03');
INSERT INTO users VALUES(2,'Zulfa Rumailah, S.Pd','zulfa.rumailah','zulfa.rumailah@sekolah.sch.id','$2y$12$KwMBzszeQqfbn.9stdayNe7k6AYuBZi.8xRiCP0maF1itKYhUZ73u',NULL,NULL,NULL,'teacher',1,NULL,'2026-03-03 05:00:03','2026-03-03 05:00:03');
INSERT INTO users VALUES(3,'Moh. Taufik, S.Pd','moh.taufik','moh.taufik@sekolah.sch.id','$2y$12$6i0kofDEXlzx1x8m/a.GRe.zI8aarnFcgxLhcjW0NcPpmg0DAaf7i',NULL,NULL,NULL,'teacher',1,NULL,'2026-03-03 05:00:04','2026-03-03 05:00:04');
INSERT INTO users VALUES(4,'Wiwin Winangsih, S.Pd., M.Pd.','wiwin.winangsih','wiwin.winangsih@sekolah.sch.id','$2y$12$w9GD1vhbaGxMvo.d9fpgFuuK6vP4GwZJRHvysh/TiXFHJ2wNdtiUq',NULL,NULL,NULL,'teacher',1,NULL,'2026-03-03 05:00:04','2026-03-03 05:00:04');
INSERT INTO users VALUES(5,'Drs. M. Iqbal Ivan Mas’udy','drs.m','drs.m@sekolah.sch.id','$2y$12$TrpK9nmtERlglP10U0ETTu4s6kIq21ciAfiiy9MkJpYIuryUJCql2',NULL,NULL,NULL,'teacher',1,NULL,'2026-03-03 05:00:04','2026-03-03 05:00:04');
INSERT INTO users VALUES(6,'Jefry Yudha Bagus Setyawan, S.Pd','jefry.yudha','jefry.yudha@sekolah.sch.id','$2y$12$q0zYVQAxLzLfMcpxsvexZOF.h5wHFeEtXhaMklMmhhpjyBIjphfza',NULL,NULL,NULL,'teacher',1,NULL,'2026-03-03 05:00:04','2026-03-03 05:00:04');
INSERT INTO users VALUES(7,'Pohet Bintoto, S.Pd','pohet.bintoto','pohet.bintoto@sekolah.sch.id','$2y$12$Qm6iTkXZCkyF.JdOa2YCkegU0gQ3BJXEvEArW5ISGVUIpLBu/zbim',NULL,NULL,NULL,'teacher',1,NULL,'2026-03-03 05:00:05','2026-03-03 05:00:05');
INSERT INTO users VALUES(8,'Riza Endar Prasetya, S.Pd','riza.endar','riza.endar@sekolah.sch.id','$2y$12$pQzKE4hJnge0JHKaoREIpOBi/Aa0qjOl/nvlt.tGX2QRXSmJ381U.',NULL,NULL,NULL,'teacher',1,NULL,'2026-03-03 05:00:05','2026-03-03 05:00:05');
INSERT INTO users VALUES(9,'Zulkifli Abdillah, S.Kom','zulkifli.abdillah','zulkifli.abdillah@sekolah.sch.id','$2y$12$FUK3cXr4T5xHcpY26fKjl.WFyECL6YK21w7qXfmJpnmtZM.9pt6si',NULL,NULL,NULL,'admin',1,NULL,'2026-03-03 05:00:05','2026-03-03 05:00:48');
INSERT INTO users VALUES(10,'Krismawandi Nugroho, S.Pd','krismawandi.nugroho','krismawandi.nugroho@sekolah.sch.id','$2y$12$6SwAnnXudigtxk6RKlmVFOY1FS/5AjUNjsB.2veEGKrAq3v24YRSi',NULL,NULL,NULL,'teacher',1,NULL,'2026-03-03 05:00:06','2026-03-03 05:00:06');
INSERT INTO users VALUES(11,'Debrian Purnadathu Sucahyo, S.Pd','debrian.purnadathu','debrian.purnadathu@sekolah.sch.id','$2y$12$oe9wYmn9TxcsuOw2r11RLu.xSJ3mnQlWRLrjOcTxinkOMxgUN/3R2',NULL,NULL,NULL,'teacher',1,NULL,'2026-03-03 05:00:06','2026-03-03 05:00:06');
INSERT INTO users VALUES(12,'Samaodin, SAP','samaodin.sap','samaodin.sap@sekolah.sch.id','$2y$12$1egF4sSEo0JFu1R7BRezwOYs0/eYVTslEWux1VQCutkYrwZmRBFmO',NULL,NULL,NULL,'teacher',1,NULL,'2026-03-03 05:00:06','2026-03-03 05:00:06');
INSERT INTO users VALUES(13,'Agung Dwi Kurniawan, S.Pd','agung.dwi','agung.dwi@sekolah.sch.id','$2y$12$vt7PJmC9u2.Q23XOdkPpguHOQSBjidImvW.KZ7tlz/W9wRiok7A2i',NULL,NULL,NULL,'teacher',1,NULL,'2026-03-03 05:00:06','2026-03-03 05:00:06');
INSERT INTO users VALUES(14,'Hermawan, ST, M.Pd','hermawan.st','hermawan.st@sekolah.sch.id','$2y$12$oB17C3haqY8Vlrp4NvpbFea9Z63C9BPhsxgc8Rhb84U/qsGAU5IQO',NULL,NULL,NULL,'teacher',1,NULL,'2026-03-03 05:00:07','2026-03-03 05:00:07');
INSERT INTO users VALUES(15,'Siti Hadijah, S.Pd','siti.hadijah','siti.hadijah@sekolah.sch.id','$2y$12$MDiorAKr63eKRCIfihUene7R0QzZ5eH.hFBVAPVPXGEMP1W0rFrAS',NULL,NULL,NULL,'teacher',1,NULL,'2026-03-03 05:00:07','2026-03-03 05:00:07');
INSERT INTO users VALUES(16,'Gayan Laga, S.Pd','gayan.laga','gayan.laga@sekolah.sch.id','$2y$12$/n.wZoxT10YNCRMOpjyOZ.UgUHtXeOxFdbiEznZFLwsIpOaEeg1di',NULL,NULL,NULL,'teacher',1,NULL,'2026-03-03 05:00:07','2026-03-03 05:00:07');
INSERT INTO users VALUES(17,'Novi Sisca Rosana, S.Pd','novi.sisca','novi.sisca@sekolah.sch.id','$2y$12$We7sCuUstzt/vYNVonwxT.KlMLr.O.uG7E25/YPmqAJSQDPTSHIO.',NULL,NULL,NULL,'teacher',1,NULL,'2026-03-03 05:00:08','2026-03-03 05:00:08');
INSERT INTO users VALUES(18,'Ivan Satryana, S.Pd','ivan.satryana','ivan.satryana@sekolah.sch.id','$2y$12$F.bqVSUbokCgyPC0Y8f11eWIG5/uO97GSVqYYFZ7Vi1e0U8bxg.c6',NULL,NULL,NULL,'teacher',1,NULL,'2026-03-03 05:00:08','2026-03-03 05:00:08');
INSERT INTO users VALUES(19,'Isrizal Anwar Zuhri, S.Psid','isrizal.anwar','isrizal.anwar@sekolah.sch.id','$2y$12$TCbdQ.0YiZKtposKx9jvDeXPDOgSv8LQZz5kGj/SAlk4QBHyUT5xG',NULL,NULL,NULL,'teacher',1,NULL,'2026-03-03 05:00:09','2026-03-03 05:00:09');
INSERT INTO users VALUES(20,'Roudhatul Husna Yanif, S.Psi','roudhatul.husna','roudhatul.husna@sekolah.sch.id','$2y$12$flu6/A/cgVdZOjMt18AFnunO8mseSjSYX.wRqxM3rTm7dWiDb7pIu',NULL,NULL,NULL,'teacher',1,NULL,'2026-03-03 05:00:09','2026-03-03 05:00:09');
INSERT INTO users VALUES(21,'Aang Noeraries Wahyudipasa, S.Si','aang.noeraries','aang.noeraries@sekolah.sch.id','$2y$12$7mFIB9F1MITkiyJZiSoJkOH1VjpIFyzIykNIabnnZyvs0ljQItA1e',NULL,NULL,NULL,'teacher',1,NULL,'2026-03-03 05:00:10','2026-03-03 05:00:10');
INSERT INTO users VALUES(22,'Bambang Ishartanto, ST','bambang.ishartanto','bambang.ishartanto@sekolah.sch.id','$2y$12$nLLb52ueaDKvC2F5fk6DIeRt.FdIddXMpxsSPoFYYy2Q0vbz/ml5i',NULL,NULL,NULL,'teacher',1,NULL,'2026-03-03 05:00:11','2026-03-03 05:00:11');
INSERT INTO users VALUES(23,'Anjar Afif Afandi, ST','anjar.afif','anjar.afif@sekolah.sch.id','$2y$12$eAHcMZAXRLGb/czWm1s27.4fxsC19Yk7uP1GwPWJxlhkQuU9SuAjG',NULL,NULL,NULL,'teacher',1,NULL,'2026-03-03 05:00:11','2026-03-03 05:00:11');
INSERT INTO users VALUES(24,'Ewit Irniyah, S.Pd','ewit.irniyah','ewit.irniyah@sekolah.sch.id','$2y$12$FpS5HpQHGguSzbXJJt9Xp.G2mxOz79NgF.VHhuaSt71MEfHPR4GJi',NULL,NULL,NULL,'teacher',1,NULL,'2026-03-03 05:00:12','2026-03-03 05:00:12');
INSERT INTO users VALUES(25,'Mokhamad Amrul Sadat, ST','mokhamad.amrul','mokhamad.amrul@sekolah.sch.id','$2y$12$jjsPYMomY/EbBJH/2SiEJ.d91WOEruDHGna1kffEIsVSuI1yi5QZ2',NULL,NULL,NULL,'teacher',1,NULL,'2026-03-03 05:00:12','2026-03-03 05:00:12');
INSERT INTO users VALUES(26,'Dyah Ayu Komala, ST','dyah.ayu','dyah.ayu@sekolah.sch.id','$2y$12$gF5G9QTjE4RrFNGolT5oQ.Fa4NPS4QkKKJ/MIqh6HOod34sY6Xpu2',NULL,NULL,NULL,'teacher',1,NULL,'2026-03-03 05:00:12','2026-03-03 05:00:12');
INSERT INTO users VALUES(27,'Sofianasari, S.Sn','sofianasari.ssn','sofianasari.ssn@sekolah.sch.id','$2y$12$F12ccpxkEriE5y75yLwW5.Dt0Qt.RrYk5OU4SimBWh8ZoL8ojZ1ZK',NULL,NULL,NULL,'teacher',1,NULL,'2026-03-03 05:00:13','2026-03-03 05:00:13');
INSERT INTO users VALUES(28,'Febrina Candra Cahyaning Dian, S.Sn','febrina.candra','febrina.candra@sekolah.sch.id','$2y$12$oohNA7BvnjO24a1nc/T.aukjLF07g5VRz3CQH7prTh7TGxsRI2jqa',NULL,NULL,NULL,'teacher',1,NULL,'2026-03-03 05:00:13','2026-03-03 05:00:13');
INSERT INTO users VALUES(29,'Fauzi Rahmadani, S.Sn','fauzi.rahmadani','fauzi.rahmadani@sekolah.sch.id','$2y$12$xREop1C/buUjqrIfgKEXNezlXoiywNp/RwOcyqpt3EwBVDDgXwZL2',NULL,NULL,NULL,'teacher',1,NULL,'2026-03-03 05:00:13','2026-03-03 05:00:13');
INSERT INTO users VALUES(30,'Falkudin, ST','falkudin.st','falkudin.st@sekolah.sch.id','$2y$12$6oUiazTX0.m6MkhlEzmsVOKGbE8WVqZ0N5sUT7.d7ERP0sGBLg3I6',NULL,NULL,NULL,'teacher',1,NULL,'2026-03-03 05:00:14','2026-03-03 05:00:14');
INSERT INTO users VALUES(31,'Drs. H. Ahmad Maksum, M.Pd','drs.h','drs.h@sekolah.sch.id','$2y$12$cUBPlHv/B.xmtr.2FsPAdO6m1NE6kM/72Dz6E23aa/ranx5VwmXCS',NULL,NULL,NULL,'teacher',1,NULL,'2026-03-03 05:00:14','2026-03-03 05:00:14');
INSERT INTO users VALUES(32,'Yoke Kurnia Dewanto Hanindyo Hari P., ST','yoke.kurnia','yoke.kurnia@sekolah.sch.id','$2y$12$3aOeLIAtAqZPV.RW6Fq/i.FeiqxEYp3UydZQSKfc46j.p/O2jiEwi',NULL,NULL,NULL,'teacher',1,NULL,'2026-03-03 05:00:14','2026-03-03 05:00:14');
INSERT INTO users VALUES(33,'Dimas Maharendra Oktendima, S.Pd','dimas.maharendra','dimas.maharendra@sekolah.sch.id','$2y$12$B9urZu.6VCRDxLAStLLy2eq3kldfrpkrQY6spYFMG1n7D9RAPaIOi',NULL,NULL,NULL,'teacher',1,NULL,'2026-03-03 05:00:14','2026-03-03 05:00:14');
INSERT INTO users VALUES(34,'Wardatul Maulidiyah, S.Pd','wardatul.maulidiyah','wardatul.maulidiyah@sekolah.sch.id','$2y$12$1lULT/E2P0kOe3ssuqR5s.GQppKIvU4MNVqiTgO1CiCR0Y/WrhjOu',NULL,NULL,NULL,'teacher',1,NULL,'2026-03-03 05:00:15','2026-03-03 05:00:15');
INSERT INTO users VALUES(35,'Moh. Khamdan Syaifudin, A.Md','moh.khamdan','moh.khamdan@sekolah.sch.id','$2y$12$RLN2uMcIRboCjir6F4sZBe69g9Vu.qEUhdlQ1R28l3tVg1CXWYonm',NULL,NULL,NULL,'teacher',1,NULL,'2026-03-03 05:00:15','2026-03-03 05:00:15');
INSERT INTO users VALUES(36,'Chutman Efendi, S.Pd, Gr.','chutman.efendi','chutman.efendi@sekolah.sch.id','$2y$12$mtGd4wfDyUSbTzmQB9IKW.DxvhX8rW0Mdt..bDyLCgJoOZvdDaPEO',NULL,NULL,NULL,'teacher',1,NULL,'2026-03-03 05:00:15','2026-03-03 05:00:15');
INSERT INTO users VALUES(37,'Imam Syafii, S.Pd','imam.syafii','imam.syafii@sekolah.sch.id','$2y$12$6mCkhGv6QrXFAVcvxw1JP.VHz/2vRLvla3v0Y5jczXgMwB4h7DkDG',NULL,NULL,NULL,'teacher',1,NULL,'2026-03-03 05:00:16','2026-03-03 05:00:16');
INSERT INTO users VALUES(38,'Alifah Diantebes Aindra, S.Pd','alifah.diantebes','alifah.diantebes@sekolah.sch.id','$2y$12$1Y3KCoAOABfIpoXEde8MuOPT9X6CLyhTrOWHYRvtbHrfd03Ivm9oy',NULL,NULL,NULL,'teacher',1,NULL,'2026-03-03 05:00:16','2026-03-03 05:00:16');
INSERT INTO users VALUES(39,'RR. Henning Gratyanis Anggraeni, S.Pd','rr.henning','rr.henning@sekolah.sch.id','$2y$12$Opnn6vlgEOapIYApAc0GEOHtKgwnAYN/XXH15uczZN2/UpGP1GMtu',NULL,NULL,NULL,'teacher',1,NULL,'2026-03-03 05:00:17','2026-03-03 05:00:17');
INSERT INTO users VALUES(40,'Zoulfikar Ramsanjanie Aqsha, S.Kom','zoulfikar.ramsanjanie','zoulfikar.ramsanjanie@sekolah.sch.id','$2y$12$roy9xQKc.jdMWX7.JSEMeObBoiZyHy4Z0QEdgrd6Nsyw9ey7mlBW6',NULL,NULL,NULL,'teacher',1,NULL,'2026-03-03 05:00:18','2026-03-03 05:00:18');
INSERT INTO users VALUES(41,'Mira Ayu, S.Pd','mira.ayu','mira.ayu@sekolah.sch.id','$2y$12$Yd8l2N7pwHyJwSsIeiSgm./Qs.xUgErUGQLC9vZ8w89BXJpdRs7ia',NULL,NULL,NULL,'admin',1,NULL,'2026-03-03 05:00:18','2026-03-03 05:00:48');
INSERT INTO users VALUES(42,'Nurrudin Septiawan, S.Kom','nurrudin.septiawan','nurrudin.septiawan@sekolah.sch.id','$2y$12$tnQPg4Dj15nhHip3UQwBQ.wdfi6WHz2H2XxoDcKdxBiorr1SgJgvi',NULL,NULL,NULL,'teacher',1,NULL,'2026-03-03 05:00:19','2026-03-03 05:00:19');
INSERT INTO users VALUES(43,'Solikah, S.Pd','solikah.spd','solikah.spd@sekolah.sch.id','$2y$12$7peVLpYsweQFGLEtAAyyHOh.VBzwt6JQ9zUSNUhJ/m5.A3xOdrViO',NULL,NULL,NULL,'teacher',1,NULL,'2026-03-03 05:00:19','2026-03-03 05:00:19');
INSERT INTO users VALUES(44,'Hj. Titik Mariyati, S.Pd','hj.titik','hj.titik@sekolah.sch.id','$2y$12$SpMQEKHJoL9CBff7BhJVx.icXmHoe46QgHyO86iqh8QYRQrvbsqKi',NULL,NULL,NULL,'teacher',1,NULL,'2026-03-03 05:00:19','2026-03-03 05:00:19');
INSERT INTO users VALUES(45,'Dra. Siti Muzayyanah','dra.siti','dra.siti@sekolah.sch.id','$2y$12$ztnmH4jlnOkXZBgIG9x3k.A2YQKvk3Q9KG2tV3YelYefbVjXPN0D.',NULL,NULL,NULL,'teacher',1,NULL,'2026-03-03 05:00:19','2026-03-03 05:00:19');
INSERT INTO users VALUES(46,'Triana Ardiani, S.Pd','triana.ardiani','triana.ardiani@sekolah.sch.id','$2y$12$vrqe/HGi6CxBzrlkbeMewOzrR9d6OPn9mERvueWzYNyf9RuakjIe.',NULL,NULL,NULL,'teacher',1,NULL,'2026-03-03 05:00:20','2026-03-03 05:00:20');
INSERT INTO users VALUES(47,'Diana Farida, S.Si','diana.farida','diana.farida@sekolah.sch.id','$2y$12$m7rkGmAjkTxMuqNmNIq1I.ZQL9VgZ9M.zGnPRApNZ1RSdVEarHgMm',NULL,NULL,NULL,'teacher',1,NULL,'2026-03-03 05:00:20','2026-03-03 05:00:20');
INSERT INTO users VALUES(48,'Fajar Ningtyas, S.Pd','fajar.ningtyas','fajar.ningtyas@sekolah.sch.id','$2y$12$mMZw/fXcH2CFE6mLC.TLL.wv8h56JoDJrQv7wbIUc43S9G8U9pt96',NULL,NULL,NULL,'admin',1,NULL,'2026-03-03 05:00:20','2026-03-06 14:58:16');
INSERT INTO users VALUES(49,'Ida Ayu Sunantari, S.Pd.H','ida.ayu','ida.ayu@sekolah.sch.id','$2y$12$OWh/fLHlEMn4YrelWi4hDOO6t9q5HZQVH70dB3ACQDt0KEMjCZa9e',NULL,NULL,NULL,'teacher',1,NULL,'2026-03-03 05:00:20','2026-03-03 05:00:20');
INSERT INTO users VALUES(50,'Vita Primasari, S.Pd','vita.primasari','vita.primasari@sekolah.sch.id','$2y$12$2s1EhZ2HRvkXE6Naedgg7uRta0FZljcTClztx.onNDqickZnL9Jt2',NULL,NULL,NULL,'teacher',1,NULL,'2026-03-03 05:00:21','2026-03-03 05:00:21');
INSERT INTO users VALUES(51,'Devi Arveni, S.Pd, Gr','devi.arveni','devi.arveni@sekolah.sch.id','$2y$12$Ju5ueRXoDQIzRKC/JgeJIervx4bcg/ylHanmyblOYts9hCzHL/BRS',NULL,NULL,NULL,'teacher',1,NULL,'2026-03-03 05:00:21','2026-03-03 05:00:21');
INSERT INTO users VALUES(52,'Mega Dwiningrum, S.Pd','mega.dwiningrum','mega.dwiningrum@sekolah.sch.id','$2y$12$Hb9X5Lf8M5KKqPWms.rGZ.uT5gmmRbUJPK9v56pVaztxUZox1R2jS',NULL,NULL,NULL,'teacher',1,NULL,'2026-03-03 05:00:21','2026-03-03 05:00:21');
INSERT INTO users VALUES(53,'Nurazizah Cholidiyah, S.S.,Gr.','nurazizah.cholidiyah','nurazizah.cholidiyah@sekolah.sch.id','$2y$12$lifkQtqJBSObFkRDmtDm9eCwvN218otsTXKz9yqHqTfSkasBKgqpm',NULL,NULL,NULL,'teacher',1,NULL,'2026-03-03 05:00:21','2026-03-03 05:00:21');
INSERT INTO users VALUES(54,'Triyas Kusumawardhani, S.Pd., Gr.','triyas.kusumawardhani','triyas.kusumawardhani@sekolah.sch.id','$2y$12$ciS6QaMiLC.e6bCW4etWBuDXhLSKstM10yG6kzX6PLYhUFBETF2w2',NULL,NULL,NULL,'teacher',1,NULL,'2026-03-03 05:00:21','2026-03-03 05:00:21');
INSERT INTO users VALUES(55,'Zulul Muthomimah, S.Pdl','zulul.muthomimah','zulul.muthomimah@sekolah.sch.id','$2y$12$5aBsZ66eKnObe0YEWx9w2.oOS35uYrKB2bLDOjR7xmIy01FqASrQm',NULL,NULL,NULL,'teacher',1,NULL,'2026-03-03 05:00:22','2026-03-03 05:00:22');
INSERT INTO users VALUES(56,'Fidda Zukria Islamia, S.Pd','fidda.zukria','fidda.zukria@sekolah.sch.id','$2y$12$0pSrDpvHpyaoOi4h4iTI0O0YNhihNuR2FBZLEYWT2/OSXha/GcnZy',NULL,NULL,NULL,'teacher',1,NULL,'2026-03-03 05:00:22','2026-03-03 05:00:22');
INSERT INTO users VALUES(57,'Rufi''ah, S.Ag','rufiah.sag','rufiah.sag@sekolah.sch.id','$2y$12$GsEJCviXF8e9IdXPJgsY0.lv2.xb2XYJuVtWBVAwHWe5gUguschb6',NULL,NULL,NULL,'teacher',1,NULL,'2026-03-03 05:00:22','2026-03-03 05:00:22');
INSERT INTO users VALUES(58,'Misbah Abdulah Khoirat, S.Pd.I','misbah.abdulah','misbah.abdulah@sekolah.sch.id','$2y$12$AALjLDP7Gzswd77WXQ6WpuJ755VudNHiXrrNVef4OSvUgRDtzPf.C',NULL,NULL,NULL,'teacher',1,NULL,'2026-03-03 05:00:22','2026-03-03 05:00:22');
INSERT INTO users VALUES(59,'Lina Wulan Cahyani, S.Pd','lina.wulan','lina.wulan@sekolah.sch.id','$2y$12$bhtt1ebL.NxAWHqrs5ADuOH6q4GrJNQVv0h7ZQyNJiXso9uooXOXO',NULL,NULL,NULL,'teacher',1,NULL,'2026-03-03 05:00:23','2026-03-03 05:00:23');
INSERT INTO users VALUES(60,'ST Ika Novita Salima, S.Si','st.ika','st.ika@sekolah.sch.id','$2y$12$J7gzgj8UlAZDnPtKNLzat.QQEucYvrrtyjbMwZlgezrUCNPmpfXF6',NULL,NULL,NULL,'teacher',1,NULL,'2026-03-03 05:00:23','2026-03-03 05:00:23');
INSERT INTO users VALUES(61,'Supdamo, S.Pd','supdamo.spd','supdamo.spd@sekolah.sch.id','$2y$12$.jnH4uUx0fE1L86/.3tauuYNWx3l/.le777u08kFWWBTlQCjGkPk6',NULL,NULL,NULL,'teacher',1,NULL,'2026-03-03 05:00:23','2026-03-03 05:00:23');
INSERT INTO users VALUES(62,'Amin Machmudi, S.Pd','amin.machmudi','amin.machmudi@sekolah.sch.id','$2y$12$38E9ei00g4u2fVkdJRyaFukWaaDn8HIbQoiRiLUq8Kt4NM5Mz05P6',NULL,NULL,NULL,'teacher',1,NULL,'2026-03-03 05:00:23','2026-03-03 05:00:23');
INSERT INTO users VALUES(63,'Fenis Fitria Dewi, S.Si','fenis.fitria','fenis.fitria@sekolah.sch.id','$2y$12$Hk5KX81O0hh1apUpCXmAg.hU6KuxgMJujDQFHSz67Z4iEpHUq3uDe',NULL,NULL,NULL,'admin',1,NULL,'2026-03-03 05:00:24','2026-03-06 14:58:16');
INSERT INTO users VALUES(64,'Inasni Dyah Rahmatika, S.Pd','inasni.dyah','inasni.dyah@sekolah.sch.id','$2y$12$KekVjhV2GwNoDGCeVfE/h./XRQPxDTBgY8dzI6vQdsdJpKrBMnFN2',NULL,NULL,NULL,'teacher',1,NULL,'2026-03-03 05:00:24','2026-03-03 05:00:24');
INSERT INTO users VALUES(65,'Tutik Farida, S.Pd','tutik.farida','tutik.farida@sekolah.sch.id','$2y$12$jhDcoP3wYZD13CdR0jEAM.MtTPWYs1Rq6sSfUPAC1d0M3DaplsWpW',NULL,NULL,NULL,'teacher',1,NULL,'2026-03-03 05:00:24','2026-03-03 05:00:24');
INSERT INTO users VALUES(66,'Markus Pawiro Diharjo, M.Th','markus.pawiro','markus.pawiro@sekolah.sch.id','$2y$12$veQ1ipUdmN8O2aWbt6L1IuqemKmQEDt9F2PHSup.nvYN/xb8G.oJe',NULL,NULL,NULL,'teacher',1,NULL,'2026-03-03 05:00:24','2026-03-03 05:00:24');
INSERT INTO users VALUES(67,'Affin Hendramawan','affin.hendramawan','affin.hendramawan@sekolah.sch.id','$2y$12$DKOK8UmxNrKY1P.0D9Da.eBXOWkzHN/qvHBHoEP6sEUQoMgheFQOa',NULL,NULL,NULL,'teacher',1,NULL,'2026-03-03 05:00:25','2026-03-03 05:00:25');
INSERT INTO users VALUES(68,'Arachmadi Putra Pambudi','arachmadi.putra','arachmadi.putra@sekolah.sch.id','$2y$12$AZy2loSThs.DeHaX6tv/POTv5y8U8zI2ISsU8Yb4EMIh/7o3GACza',NULL,NULL,NULL,'teacher',1,NULL,'2026-03-03 05:00:25','2026-03-03 05:00:25');
INSERT INTO users VALUES(69,'Ariyanto','ariyanto','ariyanto@sekolah.sch.id','$2y$12$xjmn0ReI0ZWkivClal.RjebxOnA.SNwpiw46hswGwaFOq.76RJVEq',NULL,NULL,NULL,'admin',1,NULL,'2026-03-03 05:00:25','2026-03-06 14:58:16');
INSERT INTO users VALUES(70,'Arnata Wahyuningtias','arnata.wahyuningtias','arnata.wahyuningtias@sekolah.sch.id','$2y$12$t0FBjvdx1MDyoaQZ9CU3zOJWQNZ9lE.CQc4hhn.uVFSZXaxk7f0qK',NULL,NULL,NULL,'teacher',1,NULL,'2026-03-03 05:00:25','2026-03-03 05:00:25');
INSERT INTO users VALUES(71,'Deni Aditya Waman','deni.aditya','deni.aditya@sekolah.sch.id','$2y$12$H.e3O1ylJMbE/sA6ENpSxO8fsS3xfIqyU.PoTFOVFePOo9eK2t7Dy',NULL,NULL,NULL,'teacher',1,NULL,'2026-03-03 05:00:25','2026-03-03 05:00:25');
INSERT INTO users VALUES(72,'Dwi Cahya Septiadi','dwi.cahya','dwi.cahya@sekolah.sch.id','$2y$12$hEsneRWwVucFa4QunIFFfeAViWTgsA7llaFk1BV0JQ8zg8FvbIreC',NULL,NULL,NULL,'teacher',1,NULL,'2026-03-03 05:00:26','2026-03-03 05:00:26');
INSERT INTO users VALUES(73,'Luluk Renaningtyas','luluk.renaningtyas','luluk.renaningtyas@sekolah.sch.id','$2y$12$/CbvRNCfnVwb9cnHvhiliOPZz3c.K9NPWj2qSilk3zxnpCSSBzp.W',NULL,NULL,NULL,'teacher',1,NULL,'2026-03-03 05:00:26','2026-03-03 05:00:26');
INSERT INTO users VALUES(74,'Megar Sembada Kumara, SE','megar.sembada','megar.sembada@sekolah.sch.id','$2y$12$PPrf4ka1wPKlLiwDFRJ.huJFvK9a9g.5EwLTzWt/LV7r6ziubxpau',NULL,NULL,NULL,'teacher',1,NULL,'2026-03-03 05:00:26','2026-03-03 05:00:26');
INSERT INTO users VALUES(75,'Nofin','nofin','nofin@sekolah.sch.id','$2y$12$1Ts.0WdJXWq2wkstXnrKDeZ5VNeK7DkBWERKTjtQSmYg5ZVkm4dXm',NULL,NULL,NULL,'admin',1,NULL,'2026-03-03 05:00:26','2026-03-03 05:00:48');
INSERT INTO users VALUES(76,'Nur Hasan','nur.hasan','nur.hasan@sekolah.sch.id','$2y$12$OyQCTnBc8BcQUefn.FguWOONfKIE8a0FXvXvyFUH61ZhfM5PrpGci',NULL,NULL,NULL,'teacher',1,NULL,'2026-03-03 05:00:27','2026-03-03 05:00:27');
INSERT INTO users VALUES(77,'Risdi Antono','risdi.antono','risdi.antono@sekolah.sch.id','$2y$12$iD4PUwPLnZDYtRt9f9iE3OPheohT0EdeHR7xiWCHLolwO44M5o9Zq',NULL,NULL,NULL,'teacher',1,NULL,'2026-03-03 05:00:27','2026-03-03 05:00:27');
INSERT INTO users VALUES(78,'Rosi Akbar Nor Aziz','rosi.akbar','rosi.akbar@sekolah.sch.id','$2y$12$2V7UM0/.To2jkzwPC5gWn.0Lh3b2SHykxW.6lQRuw0i93eimSR/Zq',NULL,NULL,NULL,'teacher',1,NULL,'2026-03-03 05:00:27','2026-03-03 05:00:27');
INSERT INTO users VALUES(79,'Senovani Firman Detta, S.AP','senovani.firman','senovani.firman@sekolah.sch.id','$2y$12$B9lH2uO1L4lCtS5wVJW6oueqNhTfXCIUz42dccnlSnFVHRsy9OXfC',NULL,NULL,NULL,'teacher',1,NULL,'2026-03-03 05:00:27','2026-03-03 05:00:27');
INSERT INTO users VALUES(80,'Suningsih','suningsih','suningsih@sekolah.sch.id','$2y$12$926FNUoBRLrfWwLHsCOMIuXyH45Ac7vQU3CTGpzYssgF0pu8ArHny',NULL,NULL,NULL,'teacher',1,NULL,'2026-03-03 05:00:28','2026-03-03 05:00:28');
INSERT INTO users VALUES(81,'Udik Wira Agung','udik.wira','udik.wira@sekolah.sch.id','$2y$12$gLcdanHTILf8Y1XUhIiX3eRV4LzDMkmB5S81c8cJsR4452zR/kg2C',NULL,NULL,NULL,'admin',1,NULL,'2026-03-03 05:00:28','2026-03-03 05:00:48');
INSERT INTO users VALUES(82,'Moch. Bachrudin, S.Pd','moch.bachrudin','moch.bachrudin@sekolah.sch.id','$2y$12$Y1g5bVJ3KNkcqU4J6oWc9.2N0VQzE9IYHCySjYK1hdtlLNdSWH03S',NULL,NULL,NULL,'teacher',1,NULL,'2026-03-03 05:00:28','2026-03-03 05:00:28');
INSERT INTO users VALUES(83,'Adhi Bagus Permana, S.Pd','adhi.bagus','adhi.bagus@sekolah.sch.id','$2y$12$iCOnvul/A/G8/GTYAgPlC.Y/PAsa09OAml/h5evOaU1Yf3H/hyk.K',NULL,NULL,NULL,'teacher',1,NULL,'2026-03-03 05:00:28','2026-03-03 05:00:28');
INSERT INTO users VALUES(84,'Admin','admin','admin@example.com','$2y$12$aISK/bsroJV9vVdezzwpJermPoyJunJTBUGlLNcVJytuEiXIO0yR.',NULL,NULL,NULL,'admin',1,NULL,'2026-03-03 05:00:29','2026-03-03 05:00:29');
INSERT INTO users VALUES(85,'ABRORY AKBAR AL BATAMI','3078207819','3078207819@student.example.com','$2y$12$zz3klCzko7U9cK8dOs4lR.H.e/16Sv6BGBXhsku3/pqPO9cPhdl3y',NULL,NULL,NULL,'student',1,NULL,'2026-03-03 05:00:29','2026-03-03 05:00:29');
INSERT INTO users VALUES(86,'AFIF FIRMANSYAH','0086659776','0086659776@student.example.com','$2y$12$hCKSp1zWts2tBVrGS9N9wu6bLclPYtx9meQjesBPYNbU5JcO6SHJi',NULL,NULL,NULL,'student',1,NULL,'2026-03-03 05:00:30','2026-03-03 05:00:30');
INSERT INTO users VALUES(87,'AGIES WIDYAWATI','0087441890','0087441890@student.example.com','$2y$12$iatFGeP6puqRA2EOnPyMru8G7SJRZSYylAgmio0SrXF3Y4VLRUbzS',NULL,NULL,NULL,'student',1,NULL,'2026-03-03 05:00:30','2026-03-03 05:00:30');
INSERT INTO users VALUES(88,'AGIL RIFATUL HAQ','0071026334','0071026334@student.example.com','$2y$12$NPZ1Lx8cI6qN7lA0saqjX.ZXrG.Pmmt0Vs1PnPB1uOkhWwLsn.eIW',NULL,NULL,NULL,'student',1,NULL,'2026-03-03 05:00:31','2026-03-03 05:00:31');
INSERT INTO users VALUES(89,'AKH. SEPTIAN FIO RAMADHAN','0078492418','0078492418@student.example.com','$2y$12$QLTpQzvct69rMNAPp4ZhSe2PpcKOfB26wLPHufVWBozAVh.TpuSwa',NULL,NULL,NULL,'student',1,NULL,'2026-03-03 05:00:31','2026-03-03 05:00:31');
INSERT INTO users VALUES(90,'Alya Fitri Larasati','0077521428','0077521428@student.example.com','$2y$12$loHQ.w2EIL.oXjYPqGn8VO/86UFUwwo0/wjH8TAVmlNaxr41yFgde',NULL,NULL,NULL,'student',1,NULL,'2026-03-03 05:00:32','2026-03-03 05:00:32');
INSERT INTO users VALUES(91,'ANASTASYA DYAH AYU PROBONINGRUM','0084302867','0084302867@student.example.com','$2y$12$W5KRk/dbZ6/Yl58Sb6cbbehYhohrRd.z7I//oXRVrJc.Pe/6/i/ee',NULL,NULL,NULL,'student',1,NULL,'2026-03-03 05:00:32','2026-03-03 05:00:32');
INSERT INTO users VALUES(92,'ANISA PUSPITASARI','0079564039','0079564039@student.example.com','$2y$12$JlQcwVpqqB5.XjfHh2pfs.zIF08Z0qe.Owoxnedxe8FxQAeiGEVfa',NULL,NULL,NULL,'student',1,NULL,'2026-03-03 05:00:32','2026-03-03 05:00:32');
INSERT INTO users VALUES(93,'Anissa Prissilvia Tahara','0087599872','0087599872@student.example.com','$2y$12$pE781SSms.mIeaVEo2nIM.EeUY9OgWM/KcRzIol9eyuWMhcmAEGm6',NULL,NULL,NULL,'student',1,NULL,'2026-03-03 05:00:33','2026-03-03 05:00:33');
INSERT INTO users VALUES(94,'AQILLA MAULIDDYAH','0084701495','0084701495@student.example.com','$2y$12$IiAwNJ/MUW5ETwdQemqsG.5kfow.LVnkevyf1jNoQdI.6GASu2PXK',NULL,NULL,NULL,'student',1,NULL,'2026-03-03 05:00:33','2026-03-03 05:00:33');
INSERT INTO users VALUES(95,'AQILNA FAILLA LILFARA AIZANI','0079518058','0079518058@student.example.com','$2y$12$u44lUEdbQdoRlukIlApA5udxo3/rE9FNv.owJNuz6.Q2zeknO8/zy',NULL,NULL,NULL,'student',1,NULL,'2026-03-03 05:00:33','2026-03-03 05:00:33');
INSERT INTO users VALUES(96,'Aristia Faren Rafaela','0076823738','0076823738@student.example.com','$2y$12$o9uUw21FkAT5xp/Ah5tHLOSrKzHiI0ozvQFzENDrSzUmUcLi1p/96',NULL,NULL,NULL,'student',1,NULL,'2026-03-03 05:00:34','2026-03-03 05:00:34');
INSERT INTO users VALUES(97,'ASYHARIL KAHFI DEWANDA','0088840490','0088840490@student.example.com','$2y$12$ppyOu72NdMA05182B8AcCuBb/e3Hd6JM7Noz9gu4tmNVUp3/EH1m.',NULL,NULL,NULL,'student',1,NULL,'2026-03-03 05:00:34','2026-03-03 05:00:34');
INSERT INTO users VALUES(98,'Athaar Putra Ruhenda','0086920055','0086920055@student.example.com','$2y$12$T6U2poPOCHAc/qYWaKc53.vV7KlvBlCyLDRBzIX38mPsCM5ILg/HW',NULL,NULL,NULL,'student',1,NULL,'2026-03-03 05:00:34','2026-03-03 05:00:34');
INSERT INTO users VALUES(99,'AVRILIANA ANJANI','0088032174','0088032174@student.example.com','$2y$12$qjVNLF96M8Y/uxMx9Iy4Re3NDUCXeg/qMTjoBOAPC6.FKwjUEHMxO',NULL,NULL,NULL,'student',1,NULL,'2026-03-03 05:00:35','2026-03-03 05:00:35');
INSERT INTO users VALUES(100,'AZHAR ANISATUL JANNAH','0089732684','0089732684@student.example.com','$2y$12$0.JYJbyENCnRxKu3u5.Qjedv0ZyQ08Sk0qr7qmaccGSVmI9D6J1Li',NULL,NULL,NULL,'student',1,NULL,'2026-03-03 05:00:35','2026-03-03 05:00:35');
INSERT INTO users VALUES(101,'BINTANG FIRMAN ARDANA','0086246127','0086246127@student.example.com','$2y$12$iTVTEuudBcF7XI5imI30heVBy571qldGGBvp6hych0DrC8KHjW9Qm',NULL,NULL,NULL,'student',1,NULL,'2026-03-03 05:00:35','2026-03-03 05:00:35');
INSERT INTO users VALUES(102,'CALLISTA SHAFA RAMADHANI','3079461424','3079461424@student.example.com','$2y$12$BJc3FdBwRol1kjWek7W00OcNnFuyyW60wr66rjeYi3qflXhb/3Kyy',NULL,NULL,NULL,'student',1,NULL,'2026-03-03 05:00:35','2026-03-03 05:00:35');
INSERT INTO users VALUES(103,'CHEVY APRILIA HUTABARAT','0077372447','0077372447@student.example.com','$2y$12$WgVq9rwTYtcDbcnfRQQKsemQgDhXMvsNH8jgYMEYapfPmm4hKt1cy',NULL,NULL,NULL,'student',1,NULL,'2026-03-03 05:00:36','2026-03-03 05:00:36');
INSERT INTO users VALUES(104,'CINDI TRI PRASETYO','0073851099','0073851099@student.example.com','$2y$12$QNFuR3KNyH9tKySplfNZTehUHc1DmcYrzjnYa.xkpabZdiIczP4zy',NULL,NULL,NULL,'student',1,NULL,'2026-03-03 05:00:36','2026-03-03 05:00:36');
INSERT INTO users VALUES(105,'CINTYA KARINA PUTRI','0082111423','0082111423@student.example.com','$2y$12$xZxQgagbGSdkuFQeAHUU0e7GrR8cWrJqaZc5s1Es7Z1NKcea7chL2',NULL,NULL,NULL,'student',1,NULL,'2026-03-03 05:00:36','2026-03-03 05:00:36');
INSERT INTO users VALUES(106,'DHIA MIRZA HANDHIONO','0078343685','0078343685@student.example.com','$2y$12$37wn1KVnz.3B1ZS8kbqdS.65GFjFaI95dELymKm5Vq0PhrYyNF7H.',NULL,NULL,NULL,'student',1,NULL,'2026-03-03 05:00:36','2026-03-03 05:00:36');
INSERT INTO users VALUES(107,'DIANDHIKA DWI PRANATA','0081555900','0081555900@student.example.com','$2y$12$A5N97E/4EWVJbeG3fnB3ZuR4RuJB9N9L7nv/UfqfQnbjp5P2wx8kW',NULL,NULL,NULL,'student',1,NULL,'2026-03-03 05:00:37','2026-03-03 05:00:37');
INSERT INTO users VALUES(108,'FAIRUZ QUDS ZAHRAN FIRDAUS','0081936855','0081936855@student.example.com','$2y$12$WsOtyRKR.Nwl93PjLdlXBe3Y5w3NeljO3awiFJ/OLfD.kFN2EJl62',NULL,NULL,NULL,'student',1,NULL,'2026-03-03 05:00:37','2026-03-03 05:00:37');
INSERT INTO users VALUES(109,'FARDAN RASYAH ISLAMI','0079300540','0079300540@student.example.com','$2y$12$xkl0Mi/7sS29okVmZ1N7Su0k8UECQDJ1xBF5Cg42j/4RYlmCIcLmO',NULL,NULL,NULL,'student',1,NULL,'2026-03-03 05:00:37','2026-03-03 05:00:37');
INSERT INTO users VALUES(110,'FATCHUR ROHMAN ROFIAN','0088713839','0088713839@student.example.com','$2y$12$iKqUgA6RuOlisY5JAOm..OBDsA7cXw8Dcs2Mh0/0wtUxt7Y8X5076',NULL,NULL,NULL,'student',1,NULL,'2026-03-03 05:00:37','2026-03-03 05:00:37');
INSERT INTO users VALUES(111,'FIDATUL AVIVA','0087853322','0087853322@student.example.com','$2y$12$O/jKLZmzHzgDKGdKmd2ztO.uSBLMFV51T4sbpUZSW0EjOaWUWDb3W',NULL,NULL,NULL,'student',1,NULL,'2026-03-03 05:00:38','2026-03-03 05:00:38');
INSERT INTO users VALUES(112,'FIRLI ZULFA AZZAHRA','0088560011','0088560011@student.example.com','$2y$12$qJMWwgZgBuGg9cdoeq0aku3xYRDKU3lY4RFzAIkKu9wwCahV6Zv76',NULL,NULL,NULL,'student',1,NULL,'2026-03-03 05:00:38','2026-03-03 05:00:38');
INSERT INTO users VALUES(113,'HAPSARI ISMARTOYO','0062756939','0062756939@student.example.com','$2y$12$SOdMf.f9aqv/jSNXhj/JR.HqEl33lHAJIvJXCfZAWXrwU0OWJc6hW',NULL,NULL,NULL,'student',1,NULL,'2026-03-03 05:00:38','2026-03-03 05:00:38');
INSERT INTO users VALUES(114,'HAVID ABDILAH SURAHMAD','0087538918','0087538918@student.example.com','$2y$12$apyJyYn8dtsGiJx9qI/UpuaefyNKkvD9679ut2yGjFtBzkYRcrt4i',NULL,NULL,NULL,'student',1,NULL,'2026-03-03 05:00:38','2026-03-03 05:00:38');
INSERT INTO users VALUES(115,'IGNACIA ZANDRA','0072226999','0072226999@student.example.com','$2y$12$ohmyFhJ4PhL7NftqKDrDA.fwjvWEH1/lBsvJw3pshjZxgNIPRL9za',NULL,NULL,NULL,'student',1,NULL,'2026-03-03 05:00:38','2026-03-03 05:00:38');
INSERT INTO users VALUES(116,'IQBAL LAZUARDI','0074853632','0074853632@student.example.com','$2y$12$mcYi5QWQmjiBjnJs6T.lVutxKXPU1TTHZlVI/.qtUVuXFVHdRvYuC',NULL,NULL,NULL,'student',1,NULL,'2026-03-03 05:00:39','2026-03-03 05:00:39');
INSERT INTO users VALUES(117,'IQLIMAHDA TANZILLA FINAN DIVA','0089462835','0089462835@student.example.com','$2y$12$RpaNK0Jd4FbXyNyVbQfmCOL4WCE1mcJ/45oixVv7MNNKGVCjUEgVa',NULL,NULL,NULL,'student',1,NULL,'2026-03-03 05:00:39','2026-03-03 05:00:39');
INSERT INTO users VALUES(118,'IRDINA MARSYA MAZARINA','0077181841','0077181841@student.example.com','$2y$12$dsDKT2Pga3qC6P4Ct.VALuNk9K9r3exdmYMDWLhh8oaL8l8iKRQla',NULL,NULL,NULL,'student',1,NULL,'2026-03-03 05:00:39','2026-03-03 05:00:39');
INSERT INTO users VALUES(119,'ISABEL CAHAYA HATI','0086237279','0086237279@student.example.com','$2y$12$5aYk9tJ7aAjpqN8wYgwU8.tEq2b/403cqFzw51QgMe5aZAS/NjZYG',NULL,NULL,NULL,'student',1,NULL,'2026-03-03 05:00:40','2026-03-03 05:00:40');
INSERT INTO users VALUES(120,'KHOIRUN NI''MAH NURUL HIDAYAH','0074316703','0074316703@student.example.com','$2y$12$bxSRHoFYCFf0yMai5ZN5iurSPbreDbnjQjlQ/5GYnBtcFw7noLsbm',NULL,NULL,NULL,'student',1,NULL,'2026-03-03 05:00:40','2026-03-03 05:00:40');
INSERT INTO users VALUES(121,'LAURA LAVIDA LOCA','0074182519','0074182519@student.example.com','$2y$12$fNlRVgZPy5VCHSipYEN4OOCuPcgBvuaNPYjqwBCZwQUmDu/Ai8yZO',NULL,NULL,NULL,'student',1,NULL,'2026-03-03 05:00:40','2026-03-03 05:00:40');
INSERT INTO users VALUES(122,'LELY SAGITA','0074320819','0074320819@student.example.com','$2y$12$0AEjpDX2J5ixzoQTp67oBO7CkUodbXfseywGvVAmQLlm8odolNCMS',NULL,NULL,NULL,'student',1,NULL,'2026-03-03 05:00:40','2026-03-03 05:00:40');
INSERT INTO users VALUES(123,'MAYA MELINDA WIJAYANTI','0078658367','0078658367@student.example.com','$2y$12$BKVShWm8OVWX7tDxMXvPJOg4Tz2q7F7j9O1bWL.fMlD7lhyj8.N5W',NULL,NULL,NULL,'student',1,NULL,'2026-03-03 05:00:41','2026-03-03 05:00:41');
INSERT INTO users VALUES(124,'MOCH. ABYL GUSTIAN','0079292238','0079292238@student.example.com','$2y$12$3zktt44.UPx69cz1NXCmOOjLmk0u6YVJyUEOiZp4DLOe5oWbi0NXK',NULL,NULL,NULL,'student',1,NULL,'2026-03-03 05:00:41','2026-03-03 05:00:41');
INSERT INTO users VALUES(125,'MUHAMMAD AMINULLAH','0084421457','0084421457@student.example.com','$2y$12$Qti0hdFCn65.3GTluXypFe5K1RkjAMd9iPh.BS28RfMA/sCdtHLnu',NULL,NULL,NULL,'student',1,NULL,'2026-03-03 05:00:41','2026-03-03 05:00:41');
INSERT INTO users VALUES(126,'Muhammad Azka Fadli Atthaya','0089104721','0089104721@student.example.com','$2y$12$dUH25viy7en21kBQnjsPp.WLBCgNiCizM6bYzxqbkc7h7m0pz6Ij2',NULL,NULL,NULL,'student',1,NULL,'2026-03-03 05:00:41','2026-03-03 05:00:41');
INSERT INTO users VALUES(127,'MUHAMMAD HADI FIRMANSYAH','0087917739','0087917739@student.example.com','$2y$12$XRVz1EfCqErFbhV/4H6HzOaKRMoH80rnHSddcfb7cbrHnE0DKovmW',NULL,NULL,NULL,'student',1,NULL,'2026-03-03 05:00:41','2026-03-03 05:00:41');
INSERT INTO users VALUES(128,'MUHAMMAD HARRIS MAULANA SAPUTRA','0074704843','0074704843@student.example.com','$2y$12$WqI2IgdSXGuf27fR/ys3JOe8NhvyMh4.ILkiI844yULv6BHzRYIpe',NULL,NULL,NULL,'student',1,NULL,'2026-03-03 05:00:42','2026-03-03 05:00:42');
INSERT INTO users VALUES(129,'MUHAMMAD IBNU RAFFI AHDAN','0077192596','0077192596@student.example.com','$2y$12$7SWxwMioHtv9fxMX6/Leq.9lW.Os4exX7JMYqJG5FCuM41yVAXLee',NULL,NULL,NULL,'student',1,NULL,'2026-03-03 05:00:42','2026-03-03 05:00:42');
INSERT INTO users VALUES(130,'MUHAMMAD REYHAN ATHADIANSYAH','0075024492','0075024492@student.example.com','$2y$12$KaTcfiNvN/N12Zt245uBn.xGPq.MHhcKoyeuOhiP3tGBSxyWebkQ2',NULL,NULL,NULL,'student',1,NULL,'2026-03-03 05:00:42','2026-03-03 05:00:42');
INSERT INTO users VALUES(131,'MUHAMMAD WISNU DEWANDARU','0141951182','0141951182@student.example.com','$2y$12$fo6aJZmPafcdbLz1zLzS4OxmXzoV1LmGhXqiaBo50yHLyKtn2ar9e',NULL,NULL,NULL,'student',1,NULL,'2026-03-03 05:00:42','2026-03-03 05:00:42');
INSERT INTO users VALUES(132,'NABILA RAMADHAN','0072504970','0072504970@student.example.com','$2y$12$tbQKvTAfOoRvXQcOrXNT/u354E1ne8ME6NW3b.ZVVX7GvXczSnj5C',NULL,NULL,NULL,'student',1,NULL,'2026-03-03 05:00:43','2026-03-03 05:00:43');
INSERT INTO users VALUES(133,'NADIA SINTA DEVI OKTAVIA','0061631562','0061631562@student.example.com','$2y$12$KPkyhRZxesxqH1zTLcFciOAaX4hv8GE1DbogZ7so3TU.iVtRwGxj.',NULL,NULL,NULL,'student',1,NULL,'2026-03-03 05:00:43','2026-03-03 05:00:43');
INSERT INTO users VALUES(134,'NADJWA KIRANA FIRDAUS','0081112175','0081112175@student.example.com','$2y$12$apub5HuOHHTPiC8qLHZAnuuoWxRKyJ3SNtGfMYF4B4rOy/VePI2wO',NULL,NULL,NULL,'student',1,NULL,'2026-03-03 05:00:43','2026-03-03 05:00:43');
INSERT INTO users VALUES(135,'NINDI NARITA MAULIDYA','0089965810','0089965810@student.example.com','$2y$12$6a3ondOusdqIvsH5M/LIees2S9O7N7gfnIXM.6Daf6QnNfnxu23Hi',NULL,NULL,NULL,'student',1,NULL,'2026-03-03 05:00:43','2026-03-03 05:00:43');
INSERT INTO users VALUES(136,'NISWATUL KHOIRIYAH','0085834363','0085834363@student.example.com','$2y$12$wmbkfw/ULKCNQI6FVqJW2.lOEaGxUOJ88j9Ov0dF..6BJsdLyGM.S',NULL,NULL,NULL,'student',1,NULL,'2026-03-03 05:00:44','2026-03-03 05:00:44');
INSERT INTO users VALUES(137,'NOVERITA PASCALIA RAHMA','0087884391','0087884391@student.example.com','$2y$12$ICErdNwpMfCfE7vILmW0.eNNu57GI3nNM4Q6DgH6ELx57dXhbnYXy',NULL,NULL,NULL,'student',1,NULL,'2026-03-03 05:00:44','2026-03-03 05:00:44');
INSERT INTO users VALUES(138,'NOVITA ANDRIANI','0078285764','0078285764@student.example.com','$2y$12$SmQQolDx/PHrMQR99K3.o.Ljc30NZ7jC.Ncfbx9XN8F67Zmec2GLe',NULL,NULL,NULL,'student',1,NULL,'2026-03-03 05:00:44','2026-03-03 05:00:44');
INSERT INTO users VALUES(139,'NOVITA AZZAHRA','0078980482','0078980482@student.example.com','$2y$12$wnjeGjjK07ZnMAfPfQDHjOwGGlmMJXCA6QY8cAgzizodcKYGztSpO',NULL,NULL,NULL,'student',1,NULL,'2026-03-03 05:00:44','2026-03-03 05:00:44');
INSERT INTO users VALUES(140,'NURUL KHASANAH','0078036100','0078036100@student.example.com','$2y$12$OqbAtZ78vrSvrOjNX6Gz/ONLb5MskTaLL0gfCmS0910qWofozGzE.',NULL,NULL,NULL,'student',1,NULL,'2026-03-03 05:00:45','2026-03-03 05:00:45');
INSERT INTO users VALUES(141,'RACHEL ALUNA MEIZHA','0081838771','0081838771@student.example.com','$2y$12$8uQ9iYzOvOc1cYNIodszs.qUdhqILNTKdZUBFnEQeHfF6WygAiKBu',NULL,NULL,NULL,'student',1,NULL,'2026-03-03 05:00:45','2026-03-03 05:00:45');
INSERT INTO users VALUES(142,'RAENA WESTI DHEANOFA HERLIANI','0079312790','0079312790@student.example.com','$2y$12$azkIIAtWVdjn0nXx8jfYxufowyyvRNhVYHGQFfAoNjrMTRm1tInKO',NULL,NULL,NULL,'student',1,NULL,'2026-03-03 05:00:45','2026-03-03 05:00:45');
INSERT INTO users VALUES(143,'RAYHANUN','0084924963','0084924963@student.example.com','$2y$12$KF0CUrtpEDBjCucfNzWpx.OdxwmtC8vTfCL76aWw73HmF9ApjHQIW',NULL,NULL,NULL,'student',1,NULL,'2026-03-03 05:00:45','2026-03-03 05:00:45');
INSERT INTO users VALUES(144,'RAYYAN DAFFA AL AFFANI','0077652198','0077652198@student.example.com','$2y$12$TzFHjvOAUqEqeBkk56S4.u6N.ZNI0Mc5P4.zctmVpmCIs.vdDAAu6',NULL,NULL,NULL,'student',1,NULL,'2026-03-03 05:00:45','2026-03-03 05:00:45');
INSERT INTO users VALUES(145,'RHAMEYZHA ALEA CHALILA PUTRI EDWARD','0087959211','0087959211@student.example.com','$2y$12$dXSDh1r.VC2AaXmcZvIwYeZ94Q2ZXW5xlMT7wrD2MVGbR2ZHdwrm2',NULL,NULL,NULL,'student',1,NULL,'2026-03-03 05:00:46','2026-03-03 05:00:46');
INSERT INTO users VALUES(146,'RHEISYA MAULIDDIVA PUTRI','0089530132','0089530132@student.example.com','$2y$12$/oCUNopgksYDe.fjFjsY6.V4qrZhqAJrqboKl7C/0oOkNXhsW6HNG',NULL,NULL,NULL,'student',1,NULL,'2026-03-03 05:00:46','2026-03-03 05:00:46');
INSERT INTO users VALUES(147,'RHEYVAN RAMADHAN I.P','0089479412','0089479412@student.example.com','$2y$12$7P9Br6JbenNdJWW8myIpXeoNFcgWWY8ZshBmG9AKzyH/QY14WtdQu',NULL,NULL,NULL,'student',1,NULL,'2026-03-03 05:00:46','2026-03-03 05:00:46');
INSERT INTO users VALUES(148,'RISKY RAMADHANI','0073540571','0073540571@student.example.com','$2y$12$nEK3MCz94jh0x9FY/hedDuOAccC5HgOLmRIVX6uONujLiwoELM/VK',NULL,NULL,NULL,'student',1,NULL,'2026-03-03 05:00:46','2026-03-03 05:00:46');
INSERT INTO users VALUES(149,'RITA AURA AGUSTINA','0076610748','0076610748@student.example.com','$2y$12$02tbyzaYdlJBF5Fi0tKg3.CcKez.56k4Ol4vsxnjJyEj9xqSL3SQC',NULL,NULL,NULL,'student',1,NULL,'2026-03-03 05:00:47','2026-03-03 05:00:47');
INSERT INTO users VALUES(150,'RIZKY RAMADHANI','0077493253','0077493253@student.example.com','$2y$12$RuejozykvSER5WZ.E.hFzud8c9CV9JznFemn1OvGT0A60fyzeWNWG',NULL,NULL,NULL,'student',1,NULL,'2026-03-03 05:00:47','2026-03-03 05:00:47');
INSERT INTO users VALUES(151,'SA''IDHATUL HASANA','0076376703','0076376703@student.example.com','$2y$12$EJc2J3jbC45OYTyMwQdFuO5I7r02t4Xq65iqnW9EFh/V61nFmO5hG',NULL,NULL,NULL,'student',1,NULL,'2026-03-03 05:00:47','2026-03-03 05:00:47');
INSERT INTO users VALUES(152,'SHISILIA ISMU PUTRI','0072620559','0072620559@student.example.com','$2y$12$yL92ISrTGY2lrrig.r50m.K4KBTpLqicN9635JkJ1Up2//VXGFwjy',NULL,NULL,NULL,'student',1,NULL,'2026-03-03 05:00:47','2026-03-03 05:00:47');
INSERT INTO users VALUES(153,'SUCI RAMADANI INDRIANSYAH','0072336597','0072336597@student.example.com','$2y$12$tup5Y0ClFs6hi8hi7OD36Oddn9Weggzj7JbdfBNPhydTy6R2kPd/a',NULL,NULL,NULL,'student',1,NULL,'2026-03-03 05:00:48','2026-03-03 05:00:48');
INSERT INTO users VALUES(154,'TALITHA NUDIA RISMATULLAH','0075802873','0075802873@student.example.com','$2y$12$j87Gb.qRsuZp/YrK1grvv.21cvSRt8eWJM3IvyOy41fx4GKRbXbuC',NULL,NULL,NULL,'student',1,NULL,'2026-03-03 05:00:48','2026-03-03 05:00:48');
CREATE TABLE IF NOT EXISTS "personal_access_tokens" ("id" integer primary key autoincrement not null, "tokenable_type" varchar not null, "tokenable_id" integer not null, "name" text not null, "token" varchar not null, "abilities" text, "last_used_at" datetime, "expires_at" datetime, "created_at" datetime, "updated_at" datetime);
INSERT INTO personal_access_tokens VALUES(1,'App\Models\User',84,'api','e490c978ad24598debee8733f27d006927fdf5f263f8ed8d46efa40c3b7b2cd5','["*"]','2026-03-03 05:02:45',NULL,'2026-03-03 05:02:15','2026-03-03 05:02:45');
INSERT INTO personal_access_tokens VALUES(2,'App\Models\User',84,'api','eeab83ad9a59ff5362d0e7bec2e6b5cd3e943ff01d6b22ac270183f549da8065','["*"]','2026-03-04 03:58:57',NULL,'2026-03-04 03:57:11','2026-03-04 03:58:57');
INSERT INTO personal_access_tokens VALUES(3,'App\Models\User',9,'api','fe15cd44894a3797317a1323395213ade16f93981fe4839122e9d98c5fe507e3','["*"]','2026-03-04 04:21:29',NULL,'2026-03-04 04:00:12','2026-03-04 04:21:29');
INSERT INTO personal_access_tokens VALUES(4,'App\Models\User',9,'api','2dccd055ba2bd32076e861b6f8e8d477ce116c9a72518e81c297da403dd71ad7','["*"]','2026-03-04 04:35:38',NULL,'2026-03-04 04:22:21','2026-03-04 04:35:38');
INSERT INTO personal_access_tokens VALUES(5,'App\Models\User',124,'api','764f918ab60d04d4b1ee67cd52f4b95487eb409bcba83338d61fe835845560f3','["*"]','2026-03-04 05:20:22',NULL,'2026-03-04 04:35:57','2026-03-04 05:20:22');
INSERT INTO personal_access_tokens VALUES(6,'App\Models\User',128,'api','a00cbe7ff8b8503e04326ab206bf56b21be90d6af91564cdc9f843452a75b987','["*"]','2026-03-04 05:25:29',NULL,'2026-03-04 05:20:43','2026-03-04 05:25:29');
INSERT INTO personal_access_tokens VALUES(7,'App\Models\User',46,'api','0236829094ded630ccad2ac644a5e8af730d41786115fc0e0684521e333e3d57','["*"]','2026-03-04 05:26:14',NULL,'2026-03-04 05:26:08','2026-03-04 05:26:14');
INSERT INTO personal_access_tokens VALUES(8,'App\Models\User',84,'api','3e2b3b141c0c28966a0c8c27c715ba34ca7cf1ec1565f4a3c8295d394ff7624d','["*"]','2026-03-04 05:26:34',NULL,'2026-03-04 05:26:25','2026-03-04 05:26:34');
INSERT INTO personal_access_tokens VALUES(9,'App\Models\User',55,'api','fa285809bd2833c20da58d73a4be69c6d7e6629df788fda444f07bfb9f181255','["*"]','2026-03-04 05:27:00',NULL,'2026-03-04 05:26:45','2026-03-04 05:27:00');
INSERT INTO personal_access_tokens VALUES(10,'App\Models\User',48,'api','c0c4312dff6bb2988687116240e0240e00651d7dfbc2799e19e158a609a0dce5','["*"]','2026-03-04 05:33:07',NULL,'2026-03-04 05:27:27','2026-03-04 05:33:07');
INSERT INTO personal_access_tokens VALUES(11,'App\Models\User',84,'api','c2dfe1983efe083da504f8e559960de7ecf830f7eccf2694d565477cfeccdfaa','["*"]','2026-03-04 05:33:59',NULL,'2026-03-04 05:33:31','2026-03-04 05:33:59');
INSERT INTO personal_access_tokens VALUES(12,'App\Models\User',81,'api','14449a039419cda3a23717b22dcbeb56e2ca833d8e7c05a1eb0efed5bfb66e2d','["*"]','2026-03-04 05:45:26',NULL,'2026-03-04 05:34:30','2026-03-04 05:45:26');
INSERT INTO personal_access_tokens VALUES(13,'App\Models\User',84,'api','17fd64d6ac5a11973880887af08c5a7e01a772e7c6147fe56a5d16c6a61bb74d','["*"]','2026-03-04 05:46:04',NULL,'2026-03-04 05:45:57','2026-03-04 05:46:04');
INSERT INTO personal_access_tokens VALUES(14,'App\Models\User',84,'api','fbd4387f9906574795075c502add2353692ee509bbc661ceb9bfac06202e6c4d','["*"]','2026-03-04 05:47:23',NULL,'2026-03-04 05:47:12','2026-03-04 05:47:23');
INSERT INTO personal_access_tokens VALUES(15,'App\Models\User',81,'api','cef01bc530956830ac8a94b4e905a1cd83b3c1c4b3faad6ae38e5b79259c38da','["*"]','2026-03-04 05:56:01',NULL,'2026-03-04 05:48:04','2026-03-04 05:56:01');
INSERT INTO personal_access_tokens VALUES(16,'App\Models\User',55,'api','781ceaee1e77a4db27ac9fc5ac209c7e1f8ead108b95304823e9e9e8a2a859fe','["*"]','2026-03-04 05:58:57',NULL,'2026-03-04 05:56:38','2026-03-04 05:58:57');
INSERT INTO personal_access_tokens VALUES(17,'App\Models\User',84,'api','9dadfefc34958c079a5898a7a3e4e1c54e7869955b8a1f36e2bcefab7f67efff','["*"]','2026-03-04 06:02:46',NULL,'2026-03-04 06:01:33','2026-03-04 06:02:46');
INSERT INTO personal_access_tokens VALUES(18,'App\Models\User',81,'api','bd3ff4d24b98d8dc6e7fa48b823abc31e2759f77851fd9ba47edb497ed552686','["*"]','2026-03-04 06:03:32',NULL,'2026-03-04 06:03:03','2026-03-04 06:03:32');
INSERT INTO personal_access_tokens VALUES(19,'App\Models\User',55,'api','34a1d569af3ac088612ce763c7f4a09c9fb29f46d9a6a3b4a0000e1e6304ad5c','["*"]','2026-03-04 06:04:02',NULL,'2026-03-04 06:03:59','2026-03-04 06:04:02');
INSERT INTO personal_access_tokens VALUES(20,'App\Models\User',55,'api','03f3d2072667a4a5282325853bbd4bcb88588f607d93ed5ea86bd19c9273a424','["*"]','2026-03-04 06:56:48',NULL,'2026-03-04 06:04:32','2026-03-04 06:56:48');
INSERT INTO personal_access_tokens VALUES(21,'App\Models\User',55,'api','875ba41189c610187338d5655ea542fe97c213ff865babbdf6203e01c7133bc9','["*"]','2026-03-04 07:06:59',NULL,'2026-03-04 07:02:40','2026-03-04 07:06:59');
INSERT INTO personal_access_tokens VALUES(22,'App\Models\User',124,'api','ba8b6fdb01ed8d4222bbf0691a33a191b5e02c1ff5cce25f897325f72ede7969','["*"]','2026-03-04 07:08:24',NULL,'2026-03-04 07:07:46','2026-03-04 07:08:24');
INSERT INTO personal_access_tokens VALUES(23,'App\Models\User',48,'api','dcec8ef23ee6697b47c5bb6dabe45035081495de4ed62aa07b5c08022ece4499','["*"]','2026-03-04 07:10:38',NULL,'2026-03-04 07:08:49','2026-03-04 07:10:38');
INSERT INTO personal_access_tokens VALUES(24,'App\Models\User',84,'api','26745cd9d6c428bce49f7284fcc3a2be6227c923458dd63234a41f8df2fda10d','["*"]','2026-03-04 07:11:26',NULL,'2026-03-04 07:11:09','2026-03-04 07:11:26');
INSERT INTO personal_access_tokens VALUES(25,'App\Models\User',82,'api','554d8fd34bddb9d0987951fac0f7c0278c36a012213aabe32448c412585a6f46','["*"]','2026-03-04 07:13:55',NULL,'2026-03-04 07:12:01','2026-03-04 07:13:55');
INSERT INTO personal_access_tokens VALUES(26,'App\Models\User',124,'api','d1d498aacd35016f5edfe9ab08f2bf4c59ab48a432b7e699c14325cb54ad40ee','["*"]','2026-03-04 09:08:38',NULL,'2026-03-04 09:08:25','2026-03-04 09:08:38');
INSERT INTO personal_access_tokens VALUES(27,'App\Models\User',128,'api','ba0c78d38dc9ca10a41cbb926020cced1117e75d31536ef7526690c132366b68','["*"]','2026-03-04 09:15:11',NULL,'2026-03-04 09:08:58','2026-03-04 09:15:11');
INSERT INTO personal_access_tokens VALUES(28,'App\Models\User',128,'api','afd6d7df090f0f748b7db491d6f2365b0d7028340fd28690a9aaf128b2bfd881','["*"]','2026-03-04 09:30:44',NULL,'2026-03-04 09:24:42','2026-03-04 09:30:44');
INSERT INTO personal_access_tokens VALUES(29,'App\Models\User',84,'api','b1a2e3d10e26ab3f76c6b90a6124e39cca8d638efcd2b521b3e07a14478d6cbc','["*"]','2026-03-04 09:57:00',NULL,'2026-03-04 09:33:39','2026-03-04 09:57:00');
INSERT INTO personal_access_tokens VALUES(30,'App\Models\User',84,'api','cdf503e1bce0f13264a7bf8a8429cfec73139e54d1270b1bb5c197989cb8847d','["*"]','2026-03-04 10:46:12',NULL,'2026-03-04 09:57:11','2026-03-04 10:46:12');
INSERT INTO personal_access_tokens VALUES(31,'App\Models\User',81,'api','231b5ddb533c450a38ea635f783d9a2c32db0d8e3d93783385d1360e23ccdade','["*"]','2026-03-04 10:50:49',NULL,'2026-03-04 10:47:31','2026-03-04 10:50:49');
INSERT INTO personal_access_tokens VALUES(32,'App\Models\User',128,'api','83222e59e021c7f6c4ea8ef6cc5da7ae9b2c4ed0b8140e8aa047d59456ab6898','["*"]','2026-03-04 10:52:16',NULL,'2026-03-04 10:51:30','2026-03-04 10:52:16');
INSERT INTO personal_access_tokens VALUES(33,'App\Models\User',124,'api','19c6292baa5d8ad48d29c5c25dd4ccdf10f0818bc9a4a1d7eb9d9def3d9a383b','["*"]','2026-03-04 10:58:01',NULL,'2026-03-04 10:52:37','2026-03-04 10:58:01');
INSERT INTO personal_access_tokens VALUES(34,'App\Models\User',55,'api','f8ad43b7c9e82b7f202b33219f812c31ebc90c4e746fc060ad487b7323c08e39','["*"]','2026-03-04 10:59:44',NULL,'2026-03-04 10:59:33','2026-03-04 10:59:44');
INSERT INTO personal_access_tokens VALUES(35,'App\Models\User',81,'api','7574389019662c097f4e5ef5c746732983607fad79b17880fe7ae2fdf732c1ab','["*"]','2026-03-04 11:07:51',NULL,'2026-03-04 11:00:14','2026-03-04 11:07:51');
INSERT INTO personal_access_tokens VALUES(36,'App\Models\User',128,'api','4a543b8642c7db7999519497de873fe3130442f74a40237ac25fe2e3f4438d5c','["*"]','2026-03-04 11:08:30',NULL,'2026-03-04 11:08:16','2026-03-04 11:08:30');
INSERT INTO personal_access_tokens VALUES(37,'App\Models\User',84,'api','e3d82d2fab492267b46973067f140cda61ec936d1ae30272cbb59db338c91f15','["*"]','2026-03-04 11:10:50',NULL,'2026-03-04 11:10:13','2026-03-04 11:10:50');
INSERT INTO personal_access_tokens VALUES(38,'App\Models\User',84,'api','36193f69fbf3fe856a5e1a11c0c7226df45ed480a3e84334a53cd778737e1841','["*"]','2026-03-04 11:17:44',NULL,'2026-03-04 11:11:49','2026-03-04 11:17:44');
INSERT INTO personal_access_tokens VALUES(39,'App\Models\User',81,'api','a8689575cd374245b0635cffdffdaf9042e7be3767e6abd1a5c2012043180bf9','["*"]','2026-03-04 11:20:47',NULL,'2026-03-04 11:20:12','2026-03-04 11:20:47');
INSERT INTO personal_access_tokens VALUES(40,'App\Models\User',9,'api','daf97e2332e9a1cda10b5678f8e086ad87c6b7acdae28c6883ba2761b44ab447','["*"]','2026-03-04 11:33:19',NULL,'2026-03-04 11:21:59','2026-03-04 11:33:19');
INSERT INTO personal_access_tokens VALUES(41,'App\Models\User',124,'api','4eb5de7f7a08d44265c7de1c0eba788bb5cef9cebb39ce33777eb3c32c6b5732','["*"]','2026-03-04 11:39:51',NULL,'2026-03-04 11:36:35','2026-03-04 11:39:51');
INSERT INTO personal_access_tokens VALUES(42,'App\Models\User',9,'api','d29664b9080113f9b9ffa9b135a758af22910a750122146c42b9d9c67b60a30e','["*"]','2026-03-04 11:43:09',NULL,'2026-03-04 11:40:24','2026-03-04 11:43:09');
INSERT INTO personal_access_tokens VALUES(43,'App\Models\User',84,'api','6c2a7f659f36681b0ee296bda242b0e359fb932d0914154d33ba81d2795290a7','["*"]','2026-03-04 11:44:04',NULL,'2026-03-04 11:43:41','2026-03-04 11:44:04');
INSERT INTO personal_access_tokens VALUES(44,'App\Models\User',9,'api','e8365238f599afc367fc38f00392e44bb15c8a88cda073593a6955808b1fa8c0','["*"]','2026-03-04 11:47:18',NULL,'2026-03-04 11:45:09','2026-03-04 11:47:18');
INSERT INTO personal_access_tokens VALUES(45,'App\Models\User',84,'api','51e5b5c88e790c84046a65e822efbd12b962316262d7acffb8144e696dbc6802','["*"]','2026-03-04 12:20:47',NULL,'2026-03-04 12:20:21','2026-03-04 12:20:47');
INSERT INTO personal_access_tokens VALUES(46,'App\Models\User',9,'api','0206e08e9600f9e7679428db19751d303ef5d9e28ebc8e343381dfaf61d6afea','["*"]','2026-03-04 12:31:38',NULL,'2026-03-04 12:21:45','2026-03-04 12:31:38');
INSERT INTO personal_access_tokens VALUES(47,'App\Models\User',84,'api','06018e8b5a6beacebb9d9a0950973b6dfbd6559fb3bc5455684848898e235f22','["*"]','2026-03-04 12:46:11',NULL,'2026-03-04 12:35:20','2026-03-04 12:46:11');
INSERT INTO personal_access_tokens VALUES(48,'App\Models\User',84,'api','61684897ea8d1b23e24a8b5cb7fbf7bd3fb5aaa812cddf51e2c473d13ff06b4d','["*"]','2026-03-04 23:12:42',NULL,'2026-03-04 23:11:35','2026-03-04 23:12:42');
INSERT INTO personal_access_tokens VALUES(49,'App\Models\User',46,'api','e2b1a415495a1505712eb13706ef126c4bc2ea07b5f75169fbffa7858af452f2','["*"]',NULL,NULL,'2026-03-05 07:38:26','2026-03-05 07:38:26');
INSERT INTO personal_access_tokens VALUES(50,'App\Models\User',84,'api','42791e0b8def7ce5be59fa03ff25c416336db8c2c1228b70e27d45c11455cbc2','["*"]','2026-03-05 07:41:15',NULL,'2026-03-05 07:40:54','2026-03-05 07:41:15');
INSERT INTO personal_access_tokens VALUES(51,'App\Models\User',46,'api','0788bfb4ebbd3d7c633fc01091510f78b703a56d1289a9cbc1f8997a3d990a37','["*"]',NULL,NULL,'2026-03-05 07:41:55','2026-03-05 07:41:55');
INSERT INTO personal_access_tokens VALUES(52,'App\Models\User',23,'api','6c5a8b41c8ade251f84cba58965d4bf94e823ba7651869142ab483071c14c445','["*"]',NULL,NULL,'2026-03-05 07:43:22','2026-03-05 07:43:22');
INSERT INTO personal_access_tokens VALUES(53,'App\Models\User',43,'api','28cecdfa0ab09ff781d6eafc3b3cd0d33109e7e418a1ec131d9186a24f73dbb2','["*"]',NULL,NULL,'2026-03-05 07:44:08','2026-03-05 07:44:08');
INSERT INTO personal_access_tokens VALUES(54,'App\Models\User',43,'api','d15addbd73bc2dfc1c7c8d644425c7fdac28307bec2b05363ddb7042d9d08b73','["*"]',NULL,NULL,'2026-03-05 08:40:39','2026-03-05 08:40:39');
INSERT INTO personal_access_tokens VALUES(55,'App\Models\User',43,'api','79094a23429ba18eabcc10089d68c62493bcea57339857b83679bdf856c33800','["*"]',NULL,NULL,'2026-03-05 08:48:17','2026-03-05 08:48:17');
INSERT INTO personal_access_tokens VALUES(56,'App\Models\User',43,'api','fcc511df2d1bb1a5301e953cf06dbfd1a25522d11163527481b6ae3d488386e4','["*"]',NULL,NULL,'2026-03-05 08:58:35','2026-03-05 08:58:35');
INSERT INTO personal_access_tokens VALUES(57,'App\Models\User',43,'api','4ae5ba176f1231e310e08f78252da2640ce310bd06a0201a1cfcbdf542f75b1c','["*"]',NULL,NULL,'2026-03-05 09:12:13','2026-03-05 09:12:13');
INSERT INTO personal_access_tokens VALUES(58,'App\Models\User',43,'api','32422e1c78cefc097d23e8f5e36c41050c5eb755d5821fd76535212012bf32da','["*"]',NULL,NULL,'2026-03-05 09:20:18','2026-03-05 09:20:18');
INSERT INTO personal_access_tokens VALUES(59,'App\Models\User',7,'api','c94efaeb712b2d357d5498985a6ec69aa287d2a6cf3ed228d476daf995ecb033','["*"]','2026-03-05 09:33:40',NULL,'2026-03-05 09:33:39','2026-03-05 09:33:40');
INSERT INTO personal_access_tokens VALUES(60,'App\Models\User',7,'api','b67b40e7e3f5004ce37002c71a69c8361b6128baff0b7ff2b6fb02bb1d27a686','["*"]','2026-03-05 09:42:50',NULL,'2026-03-05 09:42:46','2026-03-05 09:42:50');
INSERT INTO personal_access_tokens VALUES(61,'App\Models\User',7,'api','859cf3fb7ffb83bcf51fdc524c54be21f7575922c94728ea40b9587830436614','["*"]','2026-03-05 09:50:39',NULL,'2026-03-05 09:50:38','2026-03-05 09:50:39');
INSERT INTO personal_access_tokens VALUES(62,'App\Models\User',43,'api','f0e2499c9ace76d662bf3f1a2ba79e9a68413ba233b9fa36c8e241462770a388','["*"]','2026-03-05 09:51:39',NULL,'2026-03-05 09:51:39','2026-03-05 09:51:39');
INSERT INTO personal_access_tokens VALUES(63,'App\Models\User',43,'api','41cd2d6bcbfc27400a482143f36ceb08f02dbc32fbcc1cb5ed9e9defabf420cc','["*"]','2026-03-05 10:33:21',NULL,'2026-03-05 10:33:20','2026-03-05 10:33:21');
INSERT INTO personal_access_tokens VALUES(64,'App\Models\User',7,'api','1715f1eda6c614cc77c700ac43023d6478c3aec50a967fcf3fecdf1c92928ed5','["*"]','2026-03-05 10:35:50',NULL,'2026-03-05 10:35:50','2026-03-05 10:35:50');
INSERT INTO personal_access_tokens VALUES(65,'App\Models\User',43,'api','326bc1008615039dac6f8f62e383e573cf4f5fc04dd48b905b5afd4e9f099b22','["*"]','2026-03-05 20:17:47',NULL,'2026-03-05 20:17:46','2026-03-05 20:17:47');
INSERT INTO personal_access_tokens VALUES(68,'App\Models\User',1,'api','3aa2009cbbc2da439d7ab6380ba0b23c60add244d46bf6ae7865c5bc352da693','["*"]','2026-03-05 20:25:40',NULL,'2026-03-05 20:25:40','2026-03-05 20:25:40');
INSERT INTO personal_access_tokens VALUES(69,'App\Models\User',1,'api','61c28e5ca92193ac4f5516c9965f501c49ce8d456950d4c4b1ea6060abb1b9f7','["*"]','2026-03-05 20:26:09',NULL,'2026-03-05 20:26:08','2026-03-05 20:26:09');
INSERT INTO personal_access_tokens VALUES(70,'App\Models\User',1,'api','e2c5291d6f8ec91ce202ae8af57ef329b979a3d63a94f194e9d104fbdb15ef0c','["*"]','2026-03-05 21:22:55',NULL,'2026-03-05 21:22:54','2026-03-05 21:22:55');
INSERT INTO personal_access_tokens VALUES(72,'App\Models\User',1,'api','1fc9f2297bddf5d3709b79059530aeaac7059f45a7d6f4061d1be71ff1e3ac1e','["*"]','2026-03-05 21:24:27',NULL,'2026-03-05 21:24:26','2026-03-05 21:24:27');
INSERT INTO personal_access_tokens VALUES(73,'App\Models\User',1,'api','5914c4ce786ee819fdcd1237b206f757265fbf64b69246f5e83d23ff87d519b2','["*"]','2026-03-05 21:24:43',NULL,'2026-03-05 21:24:42','2026-03-05 21:24:43');
INSERT INTO personal_access_tokens VALUES(76,'App\Models\User',6,'api','c3a4de8b86aad9ecbba84b9e97b575958b10d0548f9c5dcabb032ac652f4cd98','["*"]','2026-03-05 23:01:05',NULL,'2026-03-05 23:01:03','2026-03-05 23:01:05');
INSERT INTO personal_access_tokens VALUES(77,'App\Models\User',1,'api','ad069d48b8b16b52ea0d4b4c2fc73a7fd57cd12c9d7af45ac16a7853c74ab396','["*"]','2026-03-05 23:20:38',NULL,'2026-03-05 23:20:36','2026-03-05 23:20:38');
INSERT INTO personal_access_tokens VALUES(79,'App\Models\User',8,'api','64fa37b800b5cca75ddc2cee215b6de88b4d3dbc3775146283e2d1c10058e955','["*"]','2026-03-05 23:33:17',NULL,'2026-03-05 23:33:15','2026-03-05 23:33:17');
INSERT INTO personal_access_tokens VALUES(80,'App\Models\User',1,'api','2e7a1be486d87eba63b87ad1ffe572639f8c055c6b45b52a417dc8dd8d2ee744','["*"]','2026-03-06 00:10:15',NULL,'2026-03-06 00:10:09','2026-03-06 00:10:15');
INSERT INTO personal_access_tokens VALUES(81,'App\Models\User',1,'api','a522c3d5124f05943ce1f36ca4d3c8794c8f3783ff4208cd5d510366e174f471','["*"]','2026-03-06 03:37:15',NULL,'2026-03-06 03:37:13','2026-03-06 03:37:15');
INSERT INTO personal_access_tokens VALUES(83,'App\Models\User',6,'api','8cb18590e01bb65563a52880a330a0d7acc55d691769b5ae4d629f067c13fc16','["*"]','2026-03-06 06:07:01',NULL,'2026-03-06 06:07:00','2026-03-06 06:07:01');
INSERT INTO personal_access_tokens VALUES(85,'App\Models\User',1,'api','26184e0a711af56938738895ca96b84629613453622b9315d0b776578c526b43','["*"]','2026-03-06 06:56:21',NULL,'2026-03-06 06:56:19','2026-03-06 06:56:21');
INSERT INTO personal_access_tokens VALUES(92,'App\Models\User',9,'api','849d240278cb685d5d94990bf6fa3d50dc4930acd6e9ec052556a8b70e0d882e','["*"]','2026-03-06 08:12:02',NULL,'2026-03-06 07:52:53','2026-03-06 08:12:02');
INSERT INTO personal_access_tokens VALUES(93,'App\Models\User',51,'api','2b6c1e1bc448003f298ded90a310bc462edbbbf68ca0cddff9f40a404736e7c2','["*"]','2026-03-06 07:54:34',NULL,'2026-03-06 07:54:15','2026-03-06 07:54:34');
INSERT INTO personal_access_tokens VALUES(95,'App\Models\User',38,'api','35a3179a394c43544e53c0fbcfebf739e0865301ed0bc846d514bda15700e1ce','["*"]','2026-03-06 08:07:08',NULL,'2026-03-06 08:07:07','2026-03-06 08:07:08');
INSERT INTO personal_access_tokens VALUES(96,'App\Models\User',9,'api','aca63dc25607bf2cb1c4c09b2df5ee175d9cc1d14e9b398db81957cafba952ea','["*"]','2026-03-06 08:21:20',NULL,'2026-03-06 08:12:44','2026-03-06 08:21:20');
INSERT INTO personal_access_tokens VALUES(97,'App\Models\User',9,'api','01fe22a9a94b28a7a74a094085678d1b4ec75d1434f1746386bd0a0e77c094bd','["*"]','2026-03-06 08:23:13',NULL,'2026-03-06 08:21:57','2026-03-06 08:23:13');
INSERT INTO personal_access_tokens VALUES(98,'App\Models\User',9,'api','7d9f9e1dd0cd997609de42fe8de5c00317b654e32fc17abc9063fdb9935a7f76','["*"]','2026-03-06 08:50:02',NULL,'2026-03-06 08:39:52','2026-03-06 08:50:02');
INSERT INTO personal_access_tokens VALUES(99,'App\Models\User',9,'api','75f4c012571c47e8e5b7a9bdd4469c9ea49b53d38b5b1dc7928570d725b060ca','["*"]','2026-03-06 08:56:23',NULL,'2026-03-06 08:50:49','2026-03-06 08:56:23');
INSERT INTO personal_access_tokens VALUES(100,'App\Models\User',9,'api','f4e51ef7ef132aa8a5f9b08486e5356bafd0cd86171b6160c029e264a6322dbc','["*"]','2026-03-06 09:00:52',NULL,'2026-03-06 08:57:50','2026-03-06 09:00:52');
INSERT INTO personal_access_tokens VALUES(101,'App\Models\User',9,'api','59a463fc0f391f417b34d6cd597aeb632ae75fd7556185b17c8c5532b6078c5e','["*"]','2026-03-06 09:26:19',NULL,'2026-03-06 09:01:15','2026-03-06 09:26:19');
INSERT INTO personal_access_tokens VALUES(103,'App\Models\User',51,'api','90887fa06c73b99481fe0f22b1062513a091e834a7f609d906a6e315273ae2a6','["*"]','2026-03-06 09:10:42',NULL,'2026-03-06 09:02:47','2026-03-06 09:10:42');
INSERT INTO personal_access_tokens VALUES(106,'App\Models\User',39,'api','2f5f13cc8f806801acd8c2e15937ea9582feac6b6fa066997df5c009bd86bf3c','["*"]','2026-03-06 09:30:32',NULL,'2026-03-06 09:19:48','2026-03-06 09:30:32');
INSERT INTO personal_access_tokens VALUES(107,'App\Models\User',9,'api','07a81008a9495d4719032a01e41efbfd93bc29658a4b83b5e53f1725a3280812','["*"]','2026-03-06 09:42:07',NULL,'2026-03-06 09:26:53','2026-03-06 09:42:07');
INSERT INTO personal_access_tokens VALUES(108,'App\Models\User',9,'api','65436acf08e0f966a8233974a262d8d31f3d5d6e96c6d91a0da35f044c52b16c','["*"]','2026-03-06 10:13:10',NULL,'2026-03-06 10:09:07','2026-03-06 10:13:10');
INSERT INTO personal_access_tokens VALUES(109,'App\Models\User',9,'api','0b0230f670f6e3e985fe5ea3b24ef755f10fa43ac46145f4458ffa8af1b6c14d','["*"]','2026-03-06 10:22:55',NULL,'2026-03-06 10:20:23','2026-03-06 10:22:55');
INSERT INTO personal_access_tokens VALUES(110,'App\Models\User',9,'api','86ccc51d981a597cbca59445092446b7fc4d923e7f32570befd860b3f6f8919c','["*"]','2026-03-06 10:40:28',NULL,'2026-03-06 10:25:27','2026-03-06 10:40:28');
INSERT INTO personal_access_tokens VALUES(113,'App\Models\User',46,'api','889a71b548114327b8d7163c194816c80520b954fff20ee26c163380ca3fd6a5','["*"]','2026-03-06 10:42:03',NULL,'2026-03-06 10:41:03','2026-03-06 10:42:03');
INSERT INTO personal_access_tokens VALUES(114,'App\Models\User',84,'api','3b4a7018879c6956e70d045623c6feea59ac779e59714d9f366a6a9f9464ab18','["*"]','2026-03-06 10:41:08',NULL,'2026-03-06 10:41:07','2026-03-06 10:41:08');
INSERT INTO personal_access_tokens VALUES(115,'App\Models\User',84,'api','a2c48bbed8314df6f0ef03d55b4528c5034002bc9ef88730119058fd21b3126f','["*"]','2026-03-06 10:42:36',NULL,'2026-03-06 10:42:05','2026-03-06 10:42:36');
INSERT INTO personal_access_tokens VALUES(116,'App\Models\User',84,'api','219caf62796e3519433515da99e650ae19587f5beba01ea34592d341b4bd22c5','["*"]','2026-03-06 10:43:50',NULL,'2026-03-06 10:43:20','2026-03-06 10:43:50');
INSERT INTO personal_access_tokens VALUES(117,'App\Models\User',84,'api','5165b3a9dfab90955b5948770e99f75f98ef2c560ee0ea31919e2b3024b4ba65','["*"]','2026-03-06 10:47:15',NULL,'2026-03-06 10:47:14','2026-03-06 10:47:15');
INSERT INTO personal_access_tokens VALUES(118,'App\Models\User',84,'api','9084a447c3bad0d6c76891414d6dc3b4b7fdd88b2fcafbe09b2b4c9f223638db','["*"]','2026-03-06 10:48:59',NULL,'2026-03-06 10:48:28','2026-03-06 10:48:59');
INSERT INTO personal_access_tokens VALUES(119,'App\Models\User',84,'api','6af56ee74f13d75964785387af344ac96076ec154f504d9742d08e2f3677b0ce','["*"]','2026-03-06 11:05:05',NULL,'2026-03-06 11:01:33','2026-03-06 11:05:05');
INSERT INTO personal_access_tokens VALUES(120,'App\Models\User',84,'api','234fd93ceb7f47b1ac6a192796c350de6070769d8e8e8a5440f98f867c876a71','["*"]','2026-03-06 11:06:04',NULL,'2026-03-06 11:05:33','2026-03-06 11:06:04');
INSERT INTO personal_access_tokens VALUES(121,'App\Models\User',84,'api','a0ac6181071ad21606ce8f8a980b01801162b581678f010a0b5a8b0e7f9059cd','["*"]','2026-03-06 11:17:22',NULL,'2026-03-06 11:06:24','2026-03-06 11:17:22');
INSERT INTO personal_access_tokens VALUES(123,'App\Models\User',84,'api','9b44985187a2996cb839e9972990bd031ebb4da702b50ab784718fa9f9847b76','["*"]','2026-03-06 11:20:03',NULL,'2026-03-06 11:20:02','2026-03-06 11:20:03');
INSERT INTO personal_access_tokens VALUES(124,'App\Models\User',9,'api','a763ea72104d20e167a05bdb1cafce95fd57bd16425b3094834e430b696ecacf','["*"]','2026-03-06 11:21:02',NULL,'2026-03-06 11:20:22','2026-03-06 11:21:02');
INSERT INTO personal_access_tokens VALUES(125,'App\Models\User',51,'api','a692801f42b8299344f03f67b24345afc2cfce3c315f2bfab287e27d0dd3ed0e','["*"]','2026-03-06 11:22:46',NULL,'2026-03-06 11:21:03','2026-03-06 11:22:46');
INSERT INTO personal_access_tokens VALUES(126,'App\Models\User',124,'api','ac6b8a33aaa4271af433aa861ed1204495312b65263607a3a54d507f85c00e47','["*"]','2026-03-06 11:37:28',NULL,'2026-03-06 11:22:19','2026-03-06 11:37:28');
INSERT INTO personal_access_tokens VALUES(128,'App\Models\User',51,'api','c2b2e0c172ea9f5678942d0bd620abe55775772090eb7806ef00de0d16728d26','["*"]','2026-03-06 11:39:09',NULL,'2026-03-06 11:38:13','2026-03-06 11:39:09');
INSERT INTO personal_access_tokens VALUES(129,'App\Models\User',51,'api','65e4841e95312b3998e2d13f89bf80730d105aae071f5b8793bcf322e174e463','["*"]','2026-03-06 11:44:39',NULL,'2026-03-06 11:41:34','2026-03-06 11:44:39');
INSERT INTO personal_access_tokens VALUES(130,'App\Models\User',84,'api','742a08f1be752df887c0b7d263022095f674e7bce502e97baf1c1e4616932abe','["*"]','2026-03-06 11:52:36',NULL,'2026-03-06 11:52:05','2026-03-06 11:52:36');
INSERT INTO personal_access_tokens VALUES(131,'App\Models\User',84,'api','77a5f437ad916e3e6279eac7f730da9c008643eb80610145632a2268d94fd5a8','["*"]','2026-03-06 11:53:19',NULL,'2026-03-06 11:53:18','2026-03-06 11:53:19');
INSERT INTO personal_access_tokens VALUES(132,'App\Models\User',84,'api','5826fe49d38ab099ceda7a4b7f962e7cfbb04ed17c477edc5fb99f66cf279ddc','["*"]','2026-03-06 11:54:32',NULL,'2026-03-06 11:54:31','2026-03-06 11:54:32');
INSERT INTO personal_access_tokens VALUES(133,'App\Models\User',84,'api','81c9091367ce082b0756aa9f13c6c6f100eae282c1d4daa17113c872a8fd2c58','["*"]','2026-03-06 11:56:00',NULL,'2026-03-06 11:55:10','2026-03-06 11:56:00');
INSERT INTO personal_access_tokens VALUES(134,'App\Models\User',84,'api','a6286d5883be5a6fc25eab68bc4c404c0a52dae2e37d636be356695708f3a948','["*"]','2026-03-06 11:56:56',NULL,'2026-03-06 11:56:50','2026-03-06 11:56:56');
INSERT INTO personal_access_tokens VALUES(136,'App\Models\User',51,'api','a0a12b80547f311dbeeff756ac4e8450657a14c5ce6217f69f74707b0b15459d','["*"]','2026-03-06 11:58:49',NULL,'2026-03-06 11:58:48','2026-03-06 11:58:49');
INSERT INTO personal_access_tokens VALUES(137,'App\Models\User',84,'api','177e30ebd0ec07f196ba6ababbb3a156e884567ac8a751a1ab492f329447fa87','["*"]',NULL,NULL,'2026-03-06 12:32:13','2026-03-06 12:32:13');
INSERT INTO personal_access_tokens VALUES(138,'App\Models\User',84,'api','910424600180a5c47eaf005e09dbf385f7d05a161fb41c94ef42a93bb2d96f50','["*"]',NULL,NULL,'2026-03-06 12:32:16','2026-03-06 12:32:16');
INSERT INTO personal_access_tokens VALUES(139,'App\Models\User',84,'api','164c9a209a1141fb6a4908e617ef1ec42f4db64c80b139a04c57951965c662f9','["*"]','2026-03-06 12:33:30',NULL,'2026-03-06 12:32:24','2026-03-06 12:33:30');
INSERT INTO personal_access_tokens VALUES(140,'App\Models\User',9,'api','abfd448e15cfc902dbb32a31e94b350623223b87c2e67effc51b28b14a261f15','["*"]','2026-03-06 12:37:43',NULL,'2026-03-06 12:34:14','2026-03-06 12:37:43');
INSERT INTO personal_access_tokens VALUES(141,'App\Models\User',84,'api','22c937e90a426025403840908b9171900f240696799df4e9f70aa7d04cd5f98c','["*"]','2026-03-06 12:39:40',NULL,'2026-03-06 12:38:08','2026-03-06 12:39:40');
INSERT INTO personal_access_tokens VALUES(143,'App\Models\User',9,'api','d3d11c182935cc4585ea6a857a7f5fb40378a1e8c018fecd91db45ae54ae5a2a','["*"]','2026-03-06 14:08:09',NULL,'2026-03-06 14:02:50','2026-03-06 14:08:09');
INSERT INTO personal_access_tokens VALUES(147,'App\Models\User',9,'api','a9ed884b3031f44f7490e77aa2a666369ab6ec73118e3b6b5a6d0b17d476de99','["*"]','2026-03-06 14:19:54',NULL,'2026-03-06 14:09:23','2026-03-06 14:19:54');
INSERT INTO personal_access_tokens VALUES(148,'App\Models\User',9,'api','76fd63b0e458fbeb6d0aa2f4e3c611575653284db92f33375c57ee87871a63c1','["*"]','2026-03-06 14:12:39',NULL,'2026-03-06 14:12:30','2026-03-06 14:12:39');
INSERT INTO personal_access_tokens VALUES(150,'App\Models\User',9,'api','e80c1e09983453a86b855f368c49b18a5726943aebb7917c913e17c67a46167f','["*"]','2026-03-06 14:18:15',NULL,'2026-03-06 14:17:59','2026-03-06 14:18:15');
INSERT INTO personal_access_tokens VALUES(151,'App\Models\User',71,'api','135000a1a19913e3469014ca2928a635d07b3abb620bccca69e3fe7b1ec630ef','["*"]','2026-03-06 14:20:08',NULL,'2026-03-06 14:20:07','2026-03-06 14:20:08');
INSERT INTO personal_access_tokens VALUES(153,'App\Models\User',16,'api','6ed63c9da7decaee943b0d0bc0d0bee812121802d983212ff780c8d1676b388f','["*"]','2026-03-06 14:28:12',NULL,'2026-03-06 14:28:11','2026-03-06 14:28:12');
INSERT INTO personal_access_tokens VALUES(157,'App\Models\User',128,'api','9e759cc1149fef31d3a31ec66c4fd2028d18a667c4ab133f71e642d583dab725','["*"]','2026-03-08 12:37:34',NULL,'2026-03-08 12:37:18','2026-03-08 12:37:34');
INSERT INTO personal_access_tokens VALUES(158,'App\Models\User',84,'api','cfa869523f3344ee1a336a196ecb6753fda6b01356a0ce90c23e89cddfcd1de5','["*"]','2026-03-08 21:20:41',NULL,'2026-03-08 21:19:55','2026-03-08 21:20:41');
INSERT INTO personal_access_tokens VALUES(159,'App\Models\User',9,'api','0804029d1fb8a3eaee231972ee0858932153773869d01aab5251afb1268572bc','["*"]','2026-03-08 21:21:42',NULL,'2026-03-08 21:21:04','2026-03-08 21:21:42');
INSERT INTO personal_access_tokens VALUES(160,'App\Models\User',9,'api','5f40018420af1b494e9023b6e6b4d990960a8d8c847d0d2432cd4c4e90a4f835','["*"]','2026-03-08 23:43:00',NULL,'2026-03-08 23:42:55','2026-03-08 23:43:00');
INSERT INTO personal_access_tokens VALUES(163,'App\Models\User',63,'api','4beaac21da7535727a3f6238f6843b0b69d9bc678a511ce5513800a767595114','["*"]','2026-03-09 00:02:14',NULL,'2026-03-09 00:02:14','2026-03-09 00:02:14');
INSERT INTO personal_access_tokens VALUES(164,'App\Models\User',81,'api','1630a646fe12fef68d6df45f7f6ed9120a26d3a0b2926d9fb6360b1a273f4098','["*"]','2026-03-09 00:07:17',NULL,'2026-03-09 00:02:37','2026-03-09 00:07:17');
INSERT INTO personal_access_tokens VALUES(165,'App\Models\User',81,'api','81fb29c35072027c335d24cac3c699b2e44e4d2daa9b3efa45ae22b08ca3bbd4','["*"]','2026-03-09 00:12:48',NULL,'2026-03-09 00:08:13','2026-03-09 00:12:48');
INSERT INTO personal_access_tokens VALUES(166,'App\Models\User',84,'api','271d5838c632d912af52bc64a01bd91ec288e3ed65567177707d155e6c4ac15e','["*"]','2026-03-09 00:18:24',NULL,'2026-03-09 00:13:12','2026-03-09 00:18:24');
INSERT INTO personal_access_tokens VALUES(171,'App\Models\User',46,'api','4f6828350001cb08ef620bcdb1c3161e99ce0febd0717da1d70143f19b0d3452','["*"]','2026-03-09 04:15:21',NULL,'2026-03-09 04:15:20','2026-03-09 04:15:21');
INSERT INTO personal_access_tokens VALUES(172,'App\Models\User',81,'api','53e89ba5f5daca4113dfc40025297f96d71bc32d21d7ed65e63abaf94d91be58','["*"]','2026-03-09 05:57:38',NULL,'2026-03-09 05:43:42','2026-03-09 05:57:38');
INSERT INTO personal_access_tokens VALUES(174,'App\Models\User',124,'api','e4f151d22c09e9e01111838d35e2c11d683f53e052496c66e68b8ea35e9e1a01','["*"]','2026-03-09 07:06:42',NULL,'2026-03-09 07:01:49','2026-03-09 07:06:42');
INSERT INTO personal_access_tokens VALUES(175,'App\Models\User',12,'api','f63811a97af88ea1d5c7bed699a64866fc8db273526d804a2e9d6fe3cc254b23','["*"]','2026-03-09 07:13:38',NULL,'2026-03-09 07:06:05','2026-03-09 07:13:38');
INSERT INTO personal_access_tokens VALUES(176,'App\Models\User',124,'api','53d69b1178c2b32621f76850eb4472ccd90eb2a02392b2df4c58802a2b7b7370','["*"]',NULL,NULL,'2026-03-09 07:35:04','2026-03-09 07:35:04');
INSERT INTO personal_access_tokens VALUES(177,'App\Models\User',124,'api','0df20575e4c373b9a5b12b0eea5dbc0e45b1b867099f0a9799395dfcbcc9e55f','["*"]','2026-03-09 07:35:19',NULL,'2026-03-09 07:35:13','2026-03-09 07:35:19');
INSERT INTO personal_access_tokens VALUES(178,'App\Models\User',124,'api','f63f286e6371b493ec636f3ee31094d20709ed312afcedc5f276145eefde65ca','["*"]',NULL,NULL,'2026-03-09 07:36:53','2026-03-09 07:36:53');
INSERT INTO personal_access_tokens VALUES(179,'App\Models\User',124,'api','0d6c5d86b012f46808c3e63c2175b1c19fd9ce70c1b8b4debaef3912d627671a','["*"]','2026-03-09 07:37:06',NULL,'2026-03-09 07:37:01','2026-03-09 07:37:06');
INSERT INTO personal_access_tokens VALUES(181,'App\Models\User',48,'api','d97423316d628a91dbacaa84af3c4fab7c750d7d7b2ae5304d737569a7011f0c','["*"]','2026-03-09 07:45:52',NULL,'2026-03-09 07:44:57','2026-03-09 07:45:52');
INSERT INTO personal_access_tokens VALUES(183,'App\Models\User',21,'api','287270ac0fff0add16abe0279999b5454cc6cccd980085270b3d1a2a78608b55','["*"]','2026-03-09 07:49:03',NULL,'2026-03-09 07:49:01','2026-03-09 07:49:03');
INSERT INTO personal_access_tokens VALUES(184,'App\Models\User',124,'api','e13b9254afa9a6cc332ec439a66a447567b96e68d080a8374887a86203948e91','["*"]','2026-03-09 07:58:17',NULL,'2026-03-09 07:57:47','2026-03-09 07:58:17');
INSERT INTO personal_access_tokens VALUES(186,'App\Models\User',9,'api','43d941a68ff612ee9689f39f98fa6f67b0257fa4d160e8c9a8183eb2c20b76d2','["*"]','2026-03-09 08:10:47',NULL,'2026-03-09 08:08:40','2026-03-09 08:10:47');
INSERT INTO personal_access_tokens VALUES(187,'App\Models\User',124,'api','d3a729e3b28908c04b882b6e3eb97c5cb5bdfe6c683a050d161d4ae59983cffb','["*"]','2026-03-09 08:15:08',NULL,'2026-03-09 08:11:20','2026-03-09 08:15:08');
INSERT INTO personal_access_tokens VALUES(188,'App\Models\User',124,'api','f67a13bb23cd4879073ea3255bc395443882a3444b647cf63f3579567b30965d','["*"]','2026-03-09 08:30:27',NULL,'2026-03-09 08:29:17','2026-03-09 08:30:27');
INSERT INTO personal_access_tokens VALUES(190,'App\Models\User',48,'api','8a894c61c06994ae9c5e15d023e84e1a793d60ed9d20339ac1821ad7354d73fb','["*"]','2026-03-09 08:44:52',NULL,'2026-03-09 08:44:19','2026-03-09 08:44:52');
INSERT INTO personal_access_tokens VALUES(192,'App\Models\User',39,'api','bbaaf72f5ead677e0d2332b398e4b0735d4ce29f4d8249e918fb3e2e888abb89','["*"]','2026-03-09 08:46:24',NULL,'2026-03-09 08:46:18','2026-03-09 08:46:24');
INSERT INTO personal_access_tokens VALUES(199,'App\Models\User',21,'api','d3e4d070cce515e7f7805d4f65adcffda57dea47bd6aac3f1c779c41302f825c','["*"]','2026-03-09 10:34:15',NULL,'2026-03-09 10:34:13','2026-03-09 10:34:15');
INSERT INTO personal_access_tokens VALUES(200,'App\Models\User',39,'api','20631953929b6e4d35ff956b5a7fdc7650950e43df88a99db52f0676534dbc36','["*"]','2026-03-09 10:50:10',NULL,'2026-03-09 10:49:56','2026-03-09 10:50:10');
INSERT INTO personal_access_tokens VALUES(204,'App\Models\User',81,'api','f61d4b18528f3c5916f6faa503afd30fe777edfd6f0780351aeab17b3986cec1','["*"]','2026-03-09 11:02:24',NULL,'2026-03-09 11:02:24','2026-03-09 11:02:24');
INSERT INTO personal_access_tokens VALUES(205,'App\Models\User',81,'api','8636ca7d21115a9db315a028e2f0e0f36c41f0be318be9f69b5594144b192504','["*"]','2026-03-09 11:10:24',NULL,'2026-03-09 11:10:13','2026-03-09 11:10:24');
INSERT INTO personal_access_tokens VALUES(207,'App\Models\User',84,'api','19efbac5d1f34be027f118f5cb55bc575c21f33cc764ce34d6583125c6609be1','["*"]','2026-03-09 11:30:41',NULL,'2026-03-09 11:17:18','2026-03-09 11:30:41');
INSERT INTO personal_access_tokens VALUES(209,'App\Models\User',39,'api','21699ae45b671cb32deea355acc7e419071338583c3dd35a72018e7df917964b','["*"]','2026-03-09 11:21:13',NULL,'2026-03-09 11:21:12','2026-03-09 11:21:13');
INSERT INTO personal_access_tokens VALUES(214,'App\Models\User',39,'api','924c60766348b94c7a8b981ccf9058c035355336975eafe6f2735096bd56852b','["*"]','2026-03-09 11:32:26',NULL,'2026-03-09 11:32:25','2026-03-09 11:32:26');
INSERT INTO personal_access_tokens VALUES(215,'App\Models\User',81,'api','a6647782c2dc089b008bf95296e6d79af2d5fef694613ec099a48c23074de08b','["*"]','2026-03-09 11:34:01',NULL,'2026-03-09 11:33:15','2026-03-09 11:34:01');
INSERT INTO personal_access_tokens VALUES(216,'App\Models\User',124,'api','7a574cd8a57b650776e5dce710905947f85a2d71a4bd11c2762cba48cd2e6a42','["*"]','2026-03-09 11:34:46',NULL,'2026-03-09 11:34:23','2026-03-09 11:34:46');
INSERT INTO personal_access_tokens VALUES(217,'App\Models\User',39,'api','cd35f0e1a6fdee11d6a2eccbfb02216f16f337adaf8e160e861508b273c22479','["*"]','2026-03-09 11:47:19',NULL,'2026-03-09 11:47:08','2026-03-09 11:47:19');
INSERT INTO personal_access_tokens VALUES(218,'App\Models\User',84,'api','6484bea604c2ff9a7227e88371a967670ebf89b363da4870613e712ab9c04182','["*"]','2026-03-09 11:58:57',NULL,'2026-03-09 11:58:25','2026-03-09 11:58:57');
INSERT INTO personal_access_tokens VALUES(219,'App\Models\User',39,'api','cf5eaf12092147f1d8f672a3036f832454cb3799f614114c4498227b87538ec0','["*"]','2026-03-09 12:14:57',NULL,'2026-03-09 12:12:54','2026-03-09 12:14:57');
INSERT INTO personal_access_tokens VALUES(220,'App\Models\User',39,'api','b7c7ce2ab7fde189d70f725285c4b8e2637f2a6c7c53e9d82329059771b075b0','["*"]','2026-03-09 12:36:49',NULL,'2026-03-09 12:33:53','2026-03-09 12:36:49');
INSERT INTO personal_access_tokens VALUES(223,'App\Models\User',51,'api','4a5b1e72a0a353a620fa9768e08f8ad91d31d552fbb6810427d1e39813526c05','["*"]','2026-03-09 12:48:48',NULL,'2026-03-09 12:48:46','2026-03-09 12:48:48');
INSERT INTO personal_access_tokens VALUES(224,'App\Models\User',46,'api','3988dd76e0021aa7eb3ea67289f7b8ddcb29999a069c63801b0b3767bbc0c3cf','["*"]','2026-03-09 12:49:37',NULL,'2026-03-09 12:49:35','2026-03-09 12:49:37');
INSERT INTO personal_access_tokens VALUES(225,'App\Models\User',46,'api','8ddf9dc4b694d9e95a66305c27befad6864a2b87cadd253d1a032f8c9b59ec32','["*"]','2026-03-09 12:50:10',NULL,'2026-03-09 12:50:07','2026-03-09 12:50:10');
INSERT INTO personal_access_tokens VALUES(226,'App\Models\User',51,'api','6a48d3536fbdadd72275ba391c188852519b107913fbdea3f7922b0a57c0462c','["*"]','2026-03-09 12:51:13',NULL,'2026-03-09 12:51:12','2026-03-09 12:51:13');
INSERT INTO personal_access_tokens VALUES(227,'App\Models\User',39,'api','5d7e74cf7e45345bc955cee12bce094e99121ceccb678a87ba80755cbb70d5c8','["*"]','2026-03-09 13:44:00',NULL,'2026-03-09 13:38:19','2026-03-09 13:44:00');
INSERT INTO personal_access_tokens VALUES(228,'App\Models\User',39,'api','5b3593f64cb79b592392044d36bb3950dc1378893984a589edd616d8662cf87e','["*"]','2026-03-09 14:06:39',NULL,'2026-03-09 14:06:36','2026-03-09 14:06:39');
INSERT INTO personal_access_tokens VALUES(231,'App\Models\User',9,'api','cf2068672d942cfa576917708ecfc7abd5dcff2cb3dc4adbc42d17a64d7dcecf','["*"]','2026-03-09 14:19:08',NULL,'2026-03-09 14:18:29','2026-03-09 14:19:08');
INSERT INTO personal_access_tokens VALUES(232,'App\Models\User',63,'api','1072d6c358315c3007b6637caf6cb7ddc85f91c72fedb3c4f01ba75584448d08','["*"]','2026-03-09 14:24:19',NULL,'2026-03-09 14:21:00','2026-03-09 14:24:19');
INSERT INTO personal_access_tokens VALUES(233,'App\Models\User',39,'api','6657bb87f0819d9dd96e7b1f693f4b62bd015840b6f501893a765262b90856b5','["*"]','2026-03-09 14:27:26',NULL,'2026-03-09 14:27:23','2026-03-09 14:27:26');
INSERT INTO personal_access_tokens VALUES(234,'App\Models\User',39,'api','6248455ee5be85af0c73554d01dd3b6968d6638650cd7c4596d78211cc0796ef','["*"]','2026-03-09 14:43:04',NULL,'2026-03-09 14:28:22','2026-03-09 14:43:04');
INSERT INTO personal_access_tokens VALUES(237,'App\Models\User',63,'api','d5fee393c78a1cd0d8b7422db68022ccdd9d801a2073a38d4e3762f2c6233d82','["*"]','2026-03-09 15:03:45',NULL,'2026-03-09 15:02:39','2026-03-09 15:03:45');
INSERT INTO personal_access_tokens VALUES(238,'App\Models\User',39,'api','eed49b3083127f80654ded5c81fa2314657901b02411fea4021250083f322a0d','["*"]','2026-03-09 15:08:33',NULL,'2026-03-09 15:08:32','2026-03-09 15:08:33');
INSERT INTO personal_access_tokens VALUES(239,'App\Models\User',46,'api','4e8df0138718be9c1212dd08ad7f441835ccc37c935923f4dc434db1c7ee7a8d','["*"]','2026-03-10 01:41:14',NULL,'2026-03-10 01:41:13','2026-03-10 01:41:14');
INSERT INTO personal_access_tokens VALUES(241,'App\Models\User',4,'api','e14b0d6c10289a3d04e25af19516cc7eec543726fa64b162765aa0b9b805a37a','["*"]','2026-03-10 01:59:13',NULL,'2026-03-10 01:53:13','2026-03-10 01:59:13');
INSERT INTO personal_access_tokens VALUES(242,'App\Models\User',4,'api','84356e61af39514c76ed94b16f2cf1a8b09f78c0330d9f62c0bd051fdcdb4e77','["*"]','2026-03-10 02:08:12',NULL,'2026-03-10 02:07:16','2026-03-10 02:08:12');
INSERT INTO personal_access_tokens VALUES(244,'App\Models\User',4,'api','b93231f85b1354fcf69aa5ae9811c43cbe177ba2c83c62b6194392099b605945','["*"]','2026-03-10 02:23:17',NULL,'2026-03-10 02:23:07','2026-03-10 02:23:17');
INSERT INTO personal_access_tokens VALUES(246,'App\Models\User',4,'api','7850b0402410b4b07e4dba976c4acaa4f411b4b302646497a418607602ef26d8','["*"]','2026-03-10 03:13:54',NULL,'2026-03-10 03:08:31','2026-03-10 03:13:54');
INSERT INTO personal_access_tokens VALUES(248,'App\Models\User',55,'api','e3380c9afa875d6e76e0840c2c1326109bab77f42cb1fca3b28330578bc99c0b','["*"]','2026-03-10 03:35:21',NULL,'2026-03-10 03:35:19','2026-03-10 03:35:21');
INSERT INTO personal_access_tokens VALUES(249,'App\Models\User',55,'api','fb2d057c135e66e3782ae60eb5de163dfb8d6abe049d5fdbfbd6cdfaedf0b3f9','["*"]','2026-03-10 04:26:32',NULL,'2026-03-10 04:26:29','2026-03-10 04:26:32');
INSERT INTO personal_access_tokens VALUES(250,'App\Models\User',9,'api','31f7b48d430a1f9be2a24d5f7286d2f1da731ac163051052d4c4c1f682962757','["*"]','2026-03-10 06:03:56',NULL,'2026-03-10 06:03:54','2026-03-10 06:03:56');
INSERT INTO personal_access_tokens VALUES(251,'App\Models\User',4,'api','97bc5eabf3bd2566ff00651b50059ba8d2a827deae23b6d6312cbbaad821022a','["*"]','2026-03-10 06:49:32',NULL,'2026-03-10 06:49:00','2026-03-10 06:49:32');
INSERT INTO personal_access_tokens VALUES(252,'App\Models\User',4,'api','0666602e2e306ff5b30c4ca093f5f15df4ac3db87d80daf6c88f205c126fddd9','["*"]','2026-03-10 07:10:06',NULL,'2026-03-10 06:58:30','2026-03-10 07:10:06');
INSERT INTO personal_access_tokens VALUES(253,'App\Models\User',84,'api','545d459b51208c06f93d189d1372bda26d13592fad11ce7104ffa6ff1052b4e7','["*"]','2026-03-10 07:25:34',NULL,'2026-03-10 07:20:02','2026-03-10 07:25:34');
INSERT INTO personal_access_tokens VALUES(256,'App\Models\User',9,'api','70749b700a3d9cf49a074cbc25c3317acda23feea5c64c4d7e4cf6ce40c45dc2','["*"]','2026-03-10 07:33:09',NULL,'2026-03-10 07:33:03','2026-03-10 07:33:09');
INSERT INTO personal_access_tokens VALUES(257,'App\Models\User',81,'api','9c3fd56cd35e3dcdfdb79b657ccf989957224357f994325db3ef9c8aa4276b15','["*"]','2026-03-10 07:35:29',NULL,'2026-03-10 07:33:38','2026-03-10 07:35:29');
INSERT INTO personal_access_tokens VALUES(259,'App\Models\User',46,'api','f677d04cf36b396a78b933fdb6df408c6e055aa0197d9d6f830875f5819e3a30','["*"]','2026-03-10 07:45:27',NULL,'2026-03-10 07:35:18','2026-03-10 07:45:27');
INSERT INTO personal_access_tokens VALUES(261,'App\Models\User',81,'api','447f0968f6a7c0991889e1055016f830392ae0625dd66d501a3be3686970cffd','["*"]','2026-03-10 07:39:20',NULL,'2026-03-10 07:38:04','2026-03-10 07:39:20');
INSERT INTO personal_access_tokens VALUES(262,'App\Models\User',9,'api','cf1913236893cad7d4186915e65a34bebe6c84ed4f765265282bb78280747f69','["*"]','2026-03-10 07:40:46',NULL,'2026-03-10 07:39:36','2026-03-10 07:40:46');
INSERT INTO personal_access_tokens VALUES(265,'App\Models\User',46,'api','e37325039048b632e8c8f883b9b3d52879eded29b6866b0f733e78602f3922e4','["*"]','2026-03-10 08:46:10',NULL,'2026-03-10 08:44:14','2026-03-10 08:46:10');
INSERT INTO personal_access_tokens VALUES(267,'App\Models\User',46,'api','a5a0cba1f81e88c3a09a22a4caf6acd55b6dd2898e21679ff96899cd27ae9702','["*"]','2026-03-10 08:46:19',NULL,'2026-03-10 08:46:09','2026-03-10 08:46:19');
INSERT INTO personal_access_tokens VALUES(269,'App\Models\User',46,'api','28ff925b031879864948a178e755507fc57aff1bd79e09f23ea3b1cdeb9bc659','["*"]','2026-03-10 08:52:11',NULL,'2026-03-10 08:48:10','2026-03-10 08:52:11');
INSERT INTO personal_access_tokens VALUES(271,'App\Models\User',81,'api','6bde63d7919b34ba6fce053ce43784388730124437f7ed50bb0e6d911c6596e4','["*"]','2026-03-10 08:50:26',NULL,'2026-03-10 08:49:55','2026-03-10 08:50:26');
INSERT INTO personal_access_tokens VALUES(273,'App\Models\User',46,'api','8c44b1bd327d37e9dcce941c2ee4605673c783aa779127be2cf5bc87811781fe','["*"]','2026-03-10 09:09:22',NULL,'2026-03-10 08:56:29','2026-03-10 09:09:22');
INSERT INTO personal_access_tokens VALUES(274,'App\Models\User',81,'api','e8f2bc6c5a6d84046af7a12598d01cdf643e680518597358ef11f30e82e710a0','["*"]','2026-03-10 09:05:06',NULL,'2026-03-10 09:01:57','2026-03-10 09:05:06');
INSERT INTO personal_access_tokens VALUES(275,'App\Models\User',81,'api','267dfc747a24a2710ccc232e4c693b587b417be5e3aecda1ef78ec79c70b53b7','["*"]','2026-03-10 09:06:07',NULL,'2026-03-10 09:05:32','2026-03-10 09:06:07');
INSERT INTO personal_access_tokens VALUES(276,'App\Models\User',81,'api','29a24127a425731cd29a7c39ba52eb9ed54a4810239d197e21726fb75be1b632','["*"]','2026-03-10 09:06:44',NULL,'2026-03-10 09:06:35','2026-03-10 09:06:44');
INSERT INTO personal_access_tokens VALUES(277,'App\Models\User',81,'api','b7d75df9c9b26a293a9f3a36a27323cc69bc79cdd0e57db412f2d4a35b7ec6a6','["*"]','2026-03-10 09:07:48',NULL,'2026-03-10 09:07:17','2026-03-10 09:07:48');
INSERT INTO personal_access_tokens VALUES(278,'App\Models\User',81,'api','c0a41a0d37c1c29382e561c4e52fce0922c7a25e931b029dea71366638e11aea','["*"]','2026-03-10 09:09:02',NULL,'2026-03-10 09:08:31','2026-03-10 09:09:02');
INSERT INTO personal_access_tokens VALUES(279,'App\Models\User',81,'api','a2956a945e8d0556942f37de55f9283bec2da8b49152b0e8469dfe2e81e0d20c','["*"]','2026-03-10 09:13:11',NULL,'2026-03-10 09:09:39','2026-03-10 09:13:11');
INSERT INTO personal_access_tokens VALUES(280,'App\Models\User',46,'api','deb94593bc0643bafaf9662ca7720a9f735db6370078029848474d2135536d7a','["*"]','2026-03-10 09:10:30',NULL,'2026-03-10 09:10:09','2026-03-10 09:10:30');
INSERT INTO personal_access_tokens VALUES(281,'App\Models\User',81,'api','75ba1dab8e992c89f03fd63fee340c86318ceeb99ebbb8e955397af899080df2','["*"]','2026-03-10 09:21:51',NULL,'2026-03-10 09:13:37','2026-03-10 09:21:51');
INSERT INTO personal_access_tokens VALUES(282,'App\Models\User',46,'api','fdb050f0515746e0e01761d6774943ebe53c845b91c8110fea19c62223ea1154','["*"]','2026-03-10 09:15:07',NULL,'2026-03-10 09:14:18','2026-03-10 09:15:07');
INSERT INTO personal_access_tokens VALUES(283,'App\Models\User',81,'api','0eb038ca6cd78933a4dbe9fe99f197eddea253566ccdee179d567696c3cce285','["*"]','2026-03-10 09:26:02',NULL,'2026-03-10 09:22:35','2026-03-10 09:26:02');
INSERT INTO personal_access_tokens VALUES(284,'App\Models\User',81,'api','72a0f3bdf702dfd69bd52fc1876b8241c1fa8bd33ad0fdc8bd44531258ef7817','["*"]','2026-03-10 09:26:58',NULL,'2026-03-10 09:26:37','2026-03-10 09:26:58');
INSERT INTO personal_access_tokens VALUES(285,'App\Models\User',81,'api','eb7df49247f63ffe51efb4e71028adff76b1d5e39d8d8a31f1d3698c4d925bf6','["*"]','2026-03-10 09:29:59',NULL,'2026-03-10 09:29:34','2026-03-10 09:29:59');
INSERT INTO personal_access_tokens VALUES(286,'App\Models\User',81,'api','67fd8965d1377f1db6e7d0189ecd8ee5c4f78770a3dd3a8633681eaa0588566a','["*"]','2026-03-10 09:39:02',NULL,'2026-03-10 09:33:58','2026-03-10 09:39:02');
INSERT INTO personal_access_tokens VALUES(287,'App\Models\User',46,'api','1f14459d7c6a1799d63424c65f50c55c11c0b8b179fabcd2523a10b4d8a3bc97','["*"]','2026-03-10 09:58:00',NULL,'2026-03-10 09:39:18','2026-03-10 09:58:00');
INSERT INTO personal_access_tokens VALUES(288,'App\Models\User',81,'api','ecd1432e79628cb5a587b2b8b781743ef0bdd95c6ff0ece63a2b44d056f40652','["*"]','2026-03-10 09:44:41',NULL,'2026-03-10 09:40:26','2026-03-10 09:44:41');
INSERT INTO personal_access_tokens VALUES(289,'App\Models\User',81,'api','e80418c5727e807e01da732d13673751cd8aaa26ecdbd67b2289ce1764fd2d1b','["*"]','2026-03-10 10:02:09',NULL,'2026-03-10 09:44:37','2026-03-10 10:02:09');
INSERT INTO personal_access_tokens VALUES(290,'App\Models\User',84,'api','789e8894aa55633cb9a1e7a85d18902c474385edb5f137932b2e5a8e9f437cf4','["*"]','2026-03-10 10:31:53',NULL,'2026-03-10 09:45:18','2026-03-10 10:31:53');
INSERT INTO personal_access_tokens VALUES(291,'App\Models\User',81,'api','14018e80cf455b3c3f521141c9b3d45e50308338dae1c221cc7d1dae331f6beb','["*"]','2026-03-10 10:08:16',NULL,'2026-03-10 10:02:43','2026-03-10 10:08:16');
INSERT INTO personal_access_tokens VALUES(292,'App\Models\User',81,'api','d56dcbc0e4f85eccc0e67a1636d7893ddf76105228d50548c8d0c87aa1fb5c59','["*"]','2026-03-10 10:08:47',NULL,'2026-03-10 10:08:31','2026-03-10 10:08:47');
INSERT INTO personal_access_tokens VALUES(293,'App\Models\User',9,'api','f1f1ad32a4d80aafb884494bf6e60712af20e4e36fe0ed8b36f97ee3320a4b1e','["*"]','2026-03-10 10:16:41',NULL,'2026-03-10 10:09:01','2026-03-10 10:16:41');
INSERT INTO personal_access_tokens VALUES(294,'App\Models\User',81,'api','b79a64857be52464b94bd1a1db3a0a554d3ca411948f2bd10a22bc339c992c6e','["*"]','2026-03-10 10:38:27',NULL,'2026-03-10 10:17:08','2026-03-10 10:38:27');
INSERT INTO personal_access_tokens VALUES(295,'App\Models\User',46,'api','6bc6a3a06c4a155b29b399e249bfafa695b0d6c5e81aac92b2b70a7517d31129','["*"]','2026-03-10 10:48:43',NULL,'2026-03-10 10:31:18','2026-03-10 10:48:43');
INSERT INTO personal_access_tokens VALUES(297,'App\Models\User',9,'api','5a3b9c1f94e4907ed5f39037f08169cdce5f3b1d0cfb9c821be14f10eedfa3e8','["*"]','2026-03-10 10:46:54',NULL,'2026-03-10 10:41:18','2026-03-10 10:46:54');
INSERT INTO personal_access_tokens VALUES(298,'App\Models\User',9,'api','de39accc96a2abd2430d2cb3732dab17901f9b2f505ef3706ae878e4324af38a','["*"]','2026-03-10 10:48:05',NULL,'2026-03-10 10:47:35','2026-03-10 10:48:05');
INSERT INTO personal_access_tokens VALUES(299,'App\Models\User',124,'api','ff7297b64fceadb14fa9e52f4745eddf7d8f21b0f2e6621c557c7ac704928387','["*"]','2026-03-10 11:26:51',NULL,'2026-03-10 10:48:19','2026-03-10 11:26:51');
INSERT INTO personal_access_tokens VALUES(300,'App\Models\User',9,'api','c726878b0e67997dc0baea363f6aac40731155d437f418569685b0e88b064de0','["*"]',NULL,NULL,'2026-03-10 10:52:30','2026-03-10 10:52:30');
INSERT INTO personal_access_tokens VALUES(301,'App\Models\User',9,'api','e9c040f8685f1f9f4e19ee971f5c149520e607ec3e22b27a68a45594ae3df3c4','["*"]',NULL,NULL,'2026-03-10 10:52:37','2026-03-10 10:52:37');
INSERT INTO personal_access_tokens VALUES(302,'App\Models\User',9,'api','93e5b2e5fb4ff130fe002637e0419aa7d6fcac10362e8144d15a31a059c1c603','["*"]','2026-03-10 11:19:30',NULL,'2026-03-10 10:52:39','2026-03-10 11:19:30');
INSERT INTO personal_access_tokens VALUES(308,'App\Models\User',46,'api','844f4e66374282c8f0a8519cce25587a48f2e3022340743ab1757c865e6c45a5','["*"]','2026-03-10 11:21:29',NULL,'2026-03-10 11:14:47','2026-03-10 11:21:29');
INSERT INTO personal_access_tokens VALUES(309,'App\Models\User',9,'api','ae6b0f795f77e8703e1f9588bd555044403b5108b6ece938aa4f3da7fe445e0b','["*"]','2026-03-10 11:30:09',NULL,'2026-03-10 11:19:58','2026-03-10 11:30:09');
INSERT INTO personal_access_tokens VALUES(312,'App\Models\User',81,'api','1be12bcb64757e1bebcdf187de4d2373f3a142cd1f80acfbd41e30a67289e709','["*"]','2026-03-10 11:43:25',NULL,'2026-03-10 11:31:46','2026-03-10 11:43:25');
INSERT INTO personal_access_tokens VALUES(313,'App\Models\User',46,'api','57076f43241b1a63ab0f3d0917e0f4d873f6f82d708ec3b0e326b529788a96a0','["*"]','2026-03-10 11:32:09',NULL,'2026-03-10 11:32:08','2026-03-10 11:32:09');
INSERT INTO personal_access_tokens VALUES(318,'App\Models\User',9,'api','0f1c82ec85295efcfc79875ffaaed981cb9518965167d0bb29b1deebd59c7ae7','["*"]','2026-03-10 11:51:10',NULL,'2026-03-10 11:44:32','2026-03-10 11:51:10');
INSERT INTO personal_access_tokens VALUES(320,'App\Models\User',56,'api','805f4d4c1dee485df27fc06ef38811e037fcff7475e600f3edee8a602a1fba7a','["*"]','2026-03-10 11:52:05',NULL,'2026-03-10 11:49:26','2026-03-10 11:52:05');
INSERT INTO personal_access_tokens VALUES(322,'App\Models\User',9,'api','8ff0820bcfaac3222826cec0b030277f4d9cfcab9b38441ebbaafcf6b5f406da','["*"]','2026-03-10 11:53:57',NULL,'2026-03-10 11:52:38','2026-03-10 11:53:57');
INSERT INTO personal_access_tokens VALUES(323,'App\Models\User',84,'api','2f81a5282ebfcbf8a0417e7062185796e80d3bcb7415d9a0f65291933121aa8d','["*"]','2026-03-10 11:55:49',NULL,'2026-03-10 11:54:44','2026-03-10 11:55:49');
INSERT INTO personal_access_tokens VALUES(324,'App\Models\User',9,'api','523f88b69a3a699d14b0498b37b268bd7f00bcff821f8874a9b8441a947eac4e','["*"]','2026-03-10 12:00:25',NULL,'2026-03-10 11:56:27','2026-03-10 12:00:25');
INSERT INTO personal_access_tokens VALUES(326,'App\Models\User',81,'api','68771df8f6c49d17a65af05ba9c91b55681082e7d4e2b7e233d356af513c1218','["*"]',NULL,NULL,'2026-03-10 12:01:31','2026-03-10 12:01:31');
INSERT INTO personal_access_tokens VALUES(327,'App\Models\User',81,'api','15d254741368fea5f49a813091354065cd58a55089360e0758bfa87c2b5721da','["*"]','2026-03-10 12:03:44',NULL,'2026-03-10 12:02:12','2026-03-10 12:03:44');
INSERT INTO personal_access_tokens VALUES(329,'App\Models\User',46,'api','c752c0ceaec83dbd8eab87ab78178e1cd58795da71c8420ac8c748e45970d16c','["*"]','2026-03-10 12:35:53',NULL,'2026-03-10 12:11:14','2026-03-10 12:35:53');
INSERT INTO personal_access_tokens VALUES(331,'App\Models\User',84,'api','d210074b83c7de95bb8e90b0ba7ed85f358e800b3f54f66830c7aa646babeab4','["*"]','2026-03-10 12:31:59',NULL,'2026-03-10 12:29:21','2026-03-10 12:31:59');
INSERT INTO personal_access_tokens VALUES(333,'App\Models\User',56,'api','40863c99a9ba4b177fd5dcc1bce3a59f2dbe92c9b04d2d80d3dea82aef50411e','["*"]','2026-03-10 12:41:49',NULL,'2026-03-10 12:37:37','2026-03-10 12:41:49');
INSERT INTO personal_access_tokens VALUES(334,'App\Models\User',9,'api','ecde092bf8fe9b16053095d5cb9f808afe9584e1744b62fec90d176e104ac4da','["*"]','2026-03-10 12:55:04',NULL,'2026-03-10 12:39:39','2026-03-10 12:55:04');
INSERT INTO personal_access_tokens VALUES(336,'App\Models\User',56,'api','574b0376c1bf50a96a05d0deba0fc05b3e5523b07d1b72fdaa3bac44f8ad5465','["*"]','2026-03-10 12:55:43',NULL,'2026-03-10 12:44:19','2026-03-10 12:55:43');
INSERT INTO personal_access_tokens VALUES(337,'App\Models\User',9,'api','222bb403b52b3806e336909f4ef9e6a7d307ef6bf29efb4c88d7ca425ac31cd2','["*"]','2026-03-10 13:26:56',NULL,'2026-03-10 13:17:19','2026-03-10 13:26:56');
INSERT INTO personal_access_tokens VALUES(338,'App\Models\User',9,'api','1dbe5158f4908562b198dfb94ef2b47555cc72a5372b135b1869e231120d47c6','["*"]',NULL,NULL,'2026-03-10 13:44:38','2026-03-10 13:44:38');
INSERT INTO personal_access_tokens VALUES(339,'App\Models\User',9,'api','2cbea800effc1bbf4a270bdb43806c10bc3aceb91a2a5a6c788cf915d894c576','["*"]',NULL,NULL,'2026-03-10 13:44:40','2026-03-10 13:44:40');
INSERT INTO personal_access_tokens VALUES(340,'App\Models\User',9,'api','27822730a45617497bc83a584fc0be3814ca1ac171a1e7f2503db9d2ae5991f2','["*"]','2026-03-10 13:50:00',NULL,'2026-03-10 13:45:14','2026-03-10 13:50:00');
INSERT INTO personal_access_tokens VALUES(341,'App\Models\User',9,'api','e0cf405c3d94e401248cec722e633dd1b040350d53fa61548224ebad4d7b19a9','["*"]',NULL,NULL,'2026-03-10 13:50:02','2026-03-10 13:50:02');
INSERT INTO personal_access_tokens VALUES(342,'App\Models\User',9,'api','4d30b9d029e8885c7f231abc006763b8970d44812d6782a2aa4a267177406083','["*"]','2026-03-10 13:53:32',NULL,'2026-03-10 13:50:02','2026-03-10 13:53:32');
INSERT INTO personal_access_tokens VALUES(343,'App\Models\User',46,'api','4bb4c5db2c369fc2b11d97fcc7c51e6b7689b0377bebe2da436b625137ea45e4','["*"]',NULL,NULL,'2026-03-10 13:52:03','2026-03-10 13:52:03');
INSERT INTO personal_access_tokens VALUES(344,'App\Models\User',46,'api','c34294a5daec8e1d3526d86c12f704923d9f127870c972aede328dfdd37af3d3','["*"]','2026-03-10 13:55:56',NULL,'2026-03-10 13:52:07','2026-03-10 13:55:56');
INSERT INTO personal_access_tokens VALUES(345,'App\Models\User',9,'api','a270b2fd0e9e0f06ce54a564329a1a3fe468aca2971480a447f311425a9358eb','["*"]','2026-03-10 13:55:46',NULL,'2026-03-10 13:53:41','2026-03-10 13:55:46');
INSERT INTO personal_access_tokens VALUES(346,'App\Models\User',9,'api','e8cea544e59199cf0bd3f1e8d057ee814058f5a71669ffe7bb96ee5a52d38068','["*"]','2026-03-10 14:02:20',NULL,'2026-03-10 13:58:08','2026-03-10 14:02:20');
INSERT INTO personal_access_tokens VALUES(347,'App\Models\User',81,'api','629d3dea1a65e5b5780d5177a5a0769ffb55d20874f1706af5a38a9805da2aa2','["*"]','2026-03-10 14:12:07',NULL,'2026-03-10 14:02:33','2026-03-10 14:12:07');
INSERT INTO personal_access_tokens VALUES(350,'App\Models\User',46,'api','6f79866f6ff6540c6c3fc9becc129380020d9869d6e5ebc3bf104cff912e4655','["*"]','2026-03-10 14:17:45',NULL,'2026-03-10 14:11:55','2026-03-10 14:17:45');
INSERT INTO personal_access_tokens VALUES(351,'App\Models\User',82,'api','c828283f545d5933e2c8dd4c08c1a3ecf879d268a900a99799cc59c2860abc22','["*"]','2026-03-10 23:06:52',NULL,'2026-03-10 23:06:50','2026-03-10 23:06:52');
INSERT INTO personal_access_tokens VALUES(352,'App\Models\User',9,'api','557e9bfc5f782b595c5c0c00a8408706657b6ac8c5f880e9fc25a8ec80bf898f','["*"]','2026-03-11 04:43:12',NULL,'2026-03-11 04:25:14','2026-03-11 04:43:12');
INSERT INTO personal_access_tokens VALUES(353,'App\Models\User',81,'api','6d8e5cc5cbb43b255b8b86d8074a9aa73d77fe60c63d0f52d1ad0c3d685d88b4','["*"]','2026-03-11 04:48:04',NULL,'2026-03-11 04:44:27','2026-03-11 04:48:04');
INSERT INTO personal_access_tokens VALUES(354,'App\Models\User',81,'api','492f08f1c02299110535193ed43854ef85425c7ece45cff9d3f45e452ac8dd4f','["*"]','2026-03-11 04:51:18',NULL,'2026-03-11 04:48:42','2026-03-11 04:51:18');
INSERT INTO personal_access_tokens VALUES(355,'App\Models\User',81,'api','8bcea2dbb731fdeb24bb46462d72e7fe6d21fea2e8d4fa1df85449a52da1ed01','["*"]','2026-03-11 05:21:35',NULL,'2026-03-11 04:51:50','2026-03-11 05:21:35');
INSERT INTO personal_access_tokens VALUES(356,'App\Models\User',84,'api','ee4656275f315cdb07d2b830799a5cbccd9aae1838055c377d5e72fc93fe39e0','["*"]','2026-03-11 05:53:12',NULL,'2026-03-11 05:49:42','2026-03-11 05:53:12');
INSERT INTO personal_access_tokens VALUES(358,'App\Models\User',48,'api','4fdef2b246d9291ddc9a6f8bf89f249470a83302c8b953d25fb2d7b7c41e6394','["*"]','2026-03-11 05:55:45',NULL,'2026-03-11 05:55:36','2026-03-11 05:55:45');
INSERT INTO personal_access_tokens VALUES(361,'App\Models\User',84,'api','331d9b79951deabf6f9e6f6427125251e969f2e86851d40eac47e849cc3a6869','["*"]','2026-03-11 06:00:37',NULL,'2026-03-11 05:58:46','2026-03-11 06:00:37');
INSERT INTO personal_access_tokens VALUES(364,'App\Models\User',34,'api','8c05e4ce198b458ca72e21e8eec050de77a7d9179436db0141a305571056fdb1','["*"]','2026-03-11 06:04:12',NULL,'2026-03-11 06:04:11','2026-03-11 06:04:12');
INSERT INTO personal_access_tokens VALUES(367,'App\Models\User',46,'api','180cd4977528110c4e948367923bbc2909570eed6e6c0b4fa35d5e16ac479063','["*"]','2026-03-11 07:00:30',NULL,'2026-03-11 07:00:29','2026-03-11 07:00:30');
INSERT INTO personal_access_tokens VALUES(368,'App\Models\User',81,'api','6e5188e0ac55e3000ac011bd9506cf988b19df861ebedb274d091f446f65ad7b','["*"]','2026-03-11 07:10:36',NULL,'2026-03-11 07:03:43','2026-03-11 07:10:36');
INSERT INTO personal_access_tokens VALUES(369,'App\Models\User',46,'api','3a4b1331ead6b5959d19935b38c3f48db5003f022778dc34a2c7fd4b8266c4fa','["*"]',NULL,NULL,'2026-03-11 07:03:44','2026-03-11 07:03:44');
INSERT INTO personal_access_tokens VALUES(370,'App\Models\User',46,'api','248244e2d956260ece1d1f4f165de6990ecfa6557a68bac950da427a77c84973','["*"]','2026-03-11 07:04:00',NULL,'2026-03-11 07:03:59','2026-03-11 07:04:00');
INSERT INTO personal_access_tokens VALUES(371,'App\Models\User',46,'api','86192f6f127abb04e08bd6a8f073d73ff2ccc38d49c51b2282f5fc35f9f8bf47','["*"]',NULL,NULL,'2026-03-11 07:04:46','2026-03-11 07:04:46');
INSERT INTO personal_access_tokens VALUES(374,'App\Models\User',81,'api','37ae971f41aa92e63fa5887438d01d7c799d46fb145fddf66a8ad2375672601f','["*"]','2026-03-11 07:16:16',NULL,'2026-03-11 07:11:54','2026-03-11 07:16:16');
INSERT INTO personal_access_tokens VALUES(375,'App\Models\User',81,'api','f31ff58640dbc7b7ecb60dc93d88b9d9978325ab84661a435fe64906e7a88bb2','["*"]','2026-03-11 07:17:36',NULL,'2026-03-11 07:16:31','2026-03-11 07:17:36');
INSERT INTO personal_access_tokens VALUES(377,'App\Models\User',84,'api','368dbf6fa68a0345b524d49a70b1163527eaf6d397bae04ac719f211a992c79e','["*"]','2026-03-11 07:19:38',NULL,'2026-03-11 07:19:07','2026-03-11 07:19:38');
INSERT INTO personal_access_tokens VALUES(380,'App\Models\User',9,'api','07a02b453ba6fe85805b3de4846c3c4b48121515d071028c52897703c44b7527','["*"]','2026-03-11 07:36:40',NULL,'2026-03-11 07:21:24','2026-03-11 07:36:40');
INSERT INTO personal_access_tokens VALUES(382,'App\Models\User',9,'api','f91a63ae36a9674bb6b183482b7da1b2b25b6f0a5e1f73f0a471c3e739310393','["*"]','2026-03-11 07:38:03',NULL,'2026-03-11 07:37:41','2026-03-11 07:38:03');
INSERT INTO personal_access_tokens VALUES(383,'App\Models\User',9,'api','20bab1ac0ce00dbfd794b882f0a381cc0ee89e2441fe0241564d54ab582c947a','["*"]','2026-03-11 07:38:49',NULL,'2026-03-11 07:38:37','2026-03-11 07:38:49');
INSERT INTO personal_access_tokens VALUES(384,'App\Models\User',9,'api','f322672d6e391e04d4338568dcde6b5092fbb27b52f0c9cc4a97325856c9cda0','["*"]','2026-03-11 07:46:01',NULL,'2026-03-11 07:39:10','2026-03-11 07:46:01');
INSERT INTO personal_access_tokens VALUES(386,'App\Models\User',81,'api','19394ea2b6c9272925a7d9de6e7648abec8fa86bf1ce6f1e3ed181ec5e756c11','["*"]','2026-03-11 07:49:47',NULL,'2026-03-11 07:46:26','2026-03-11 07:49:47');
INSERT INTO personal_access_tokens VALUES(387,'App\Models\User',48,'api','ade99c5d930a8627b30b423246545851a3d0d66a6f514a810bd72ccdae74cbdc','["*"]','2026-03-11 07:48:34',NULL,'2026-03-11 07:48:33','2026-03-11 07:48:34');
INSERT INTO personal_access_tokens VALUES(390,'App\Models\User',9,'api','5d7af319b50a490e3658159b32744b7f47d64a4864d120e91f0c59295205c836','["*"]','2026-03-11 07:56:27',NULL,'2026-03-11 07:54:24','2026-03-11 07:56:27');
INSERT INTO personal_access_tokens VALUES(391,'App\Models\User',46,'api','2087ea3ec1c8b11406665620c2b9731f4910652dbea370baf2a64fa40b3b78d2','["*"]','2026-03-11 07:57:08',NULL,'2026-03-11 07:57:05','2026-03-11 07:57:08');
INSERT INTO personal_access_tokens VALUES(392,'App\Models\User',46,'api','2fc0fcc91bc34eec4edf530db06ac5c01e8e4188bc0be968fcf0ec326ee28cd8','["*"]','2026-03-11 07:59:18',NULL,'2026-03-11 07:57:18','2026-03-11 07:59:18');
INSERT INTO personal_access_tokens VALUES(393,'App\Models\User',9,'api','d3fcf8787f040214037e22500ee1eb69bd1c73a1774201662a8536c1cec05aa3','["*"]','2026-03-11 08:12:45',NULL,'2026-03-11 07:57:39','2026-03-11 08:12:45');
INSERT INTO personal_access_tokens VALUES(394,'App\Models\User',46,'api','16fc32f55701bbc9172d63bccfd3cdad7697496bd969c884e664d3d760133869','["*"]','2026-03-11 08:02:50',NULL,'2026-03-11 08:01:04','2026-03-11 08:02:50');
INSERT INTO personal_access_tokens VALUES(395,'App\Models\User',46,'api','14697d19fd3786104b649bfa1c956e58f0e0c2eecce1e0d4e7c0133035af89d8','["*"]','2026-03-11 08:09:01',NULL,'2026-03-11 08:06:19','2026-03-11 08:09:01');
INSERT INTO personal_access_tokens VALUES(396,'App\Models\User',9,'api','0d72c8ae8c92d886fcda556fb6820508fdde5e5e39c91d1cde42c7494329a189','["*"]','2026-03-11 09:00:21',NULL,'2026-03-11 08:51:47','2026-03-11 09:00:21');
INSERT INTO personal_access_tokens VALUES(397,'App\Models\User',9,'api','b114bbb175908df93e71eb5c61271d01b1b84cd1de42e692221ea711c666a169','["*"]','2026-03-11 09:06:21',NULL,'2026-03-11 09:02:47','2026-03-11 09:06:21');
INSERT INTO personal_access_tokens VALUES(398,'App\Models\User',9,'api','3ef51b1e5165727423a11255f4e848760a3d9b5f64ec000e6e8895ae3adca15a','["*"]','2026-03-11 09:23:25',NULL,'2026-03-11 09:17:21','2026-03-11 09:23:25');
INSERT INTO personal_access_tokens VALUES(399,'App\Models\User',9,'api','d852971d5f00355f874b191ddf44556f4a6157a4d309b20a4ce00a91d8dfe8bd','["*"]','2026-03-11 09:59:55',NULL,'2026-03-11 09:37:10','2026-03-11 09:59:55');
INSERT INTO personal_access_tokens VALUES(400,'App\Models\User',46,'api','5143a6f65a225b1516d2969e6681ad6b357a2685b76cb4114bbed7ee0e1a2f72','["*"]','2026-03-11 09:52:38',NULL,'2026-03-11 09:50:06','2026-03-11 09:52:38');
INSERT INTO personal_access_tokens VALUES(401,'App\Models\User',9,'api','d64a87a96fd5fb5a624034a8767502474c5e035f46dd0ec5862df843580192ac','["*"]','2026-03-11 10:53:29',NULL,'2026-03-11 10:00:46','2026-03-11 10:53:29');
INSERT INTO personal_access_tokens VALUES(402,'App\Models\User',46,'api','3cf8c29c88c5470252f5108d5a89be1168fad661aba87ec058545146e5ae798c','["*"]','2026-03-11 10:04:42',NULL,'2026-03-11 10:02:44','2026-03-11 10:04:42');
INSERT INTO personal_access_tokens VALUES(403,'App\Models\User',124,'api','6fdb458c41b51948ee28e66f46383959cef379663a5e98c51cea145d7823fa08','["*"]','2026-03-11 10:54:18',NULL,'2026-03-11 10:53:55','2026-03-11 10:54:18');
INSERT INTO personal_access_tokens VALUES(404,'App\Models\User',46,'api','5c2d76a300ea8e5f3586d295078a91be1ddad2156e9f75b75ff1422d3440e9c4','["*"]','2026-03-11 10:58:50',NULL,'2026-03-11 10:54:37','2026-03-11 10:58:50');
INSERT INTO personal_access_tokens VALUES(405,'App\Models\User',124,'api','15b07e3fbeccd8de3e3e59f953eaefae758418421c76bbb88502242f16e6126e','["*"]','2026-03-11 10:54:59',NULL,'2026-03-11 10:54:43','2026-03-11 10:54:59');
INSERT INTO personal_access_tokens VALUES(407,'App\Models\User',9,'api','c40eb7a0c850b8508a7c2afca5751615c6e8261a30131f06de0afdc1e715d32b','["*"]','2026-03-11 11:22:59',NULL,'2026-03-11 10:58:49','2026-03-11 11:22:59');
INSERT INTO personal_access_tokens VALUES(409,'App\Models\User',9,'api','8c196bd3d8b14e9ec3d09f05edf8cfb821205955b7f69bc3391510743916ef13','["*"]','2026-03-11 11:32:00',NULL,'2026-03-11 11:24:43','2026-03-11 11:32:00');
INSERT INTO personal_access_tokens VALUES(413,'App\Models\User',46,'api','4934dbeda2030939a3e8ff46271cd5db4fe15afd389da7f4f8b6baf83f201da5','["*"]','2026-03-11 11:32:18',NULL,'2026-03-11 11:31:51','2026-03-11 11:32:18');
INSERT INTO personal_access_tokens VALUES(414,'App\Models\User',9,'api','da44bd7cf6a92c48a5a8f2f5a82603bc548167495239f715cf8ff6392d433bca','["*"]','2026-03-11 11:36:59',NULL,'2026-03-11 11:32:25','2026-03-11 11:36:59');
INSERT INTO personal_access_tokens VALUES(415,'App\Models\User',46,'api','c883f06874abb281729317f2e0a1466b1951e673d899e234ae67a51f601ee37b','["*"]','2026-03-11 11:50:39',NULL,'2026-03-11 11:42:53','2026-03-11 11:50:39');
INSERT INTO personal_access_tokens VALUES(416,'App\Models\User',9,'api','90b779ef4f82b754966be106642b5ac86644c63af7218b157e264d38418906e4','["*"]','2026-03-11 12:26:38',NULL,'2026-03-11 11:44:17','2026-03-11 12:26:38');
INSERT INTO personal_access_tokens VALUES(417,'App\Models\User',46,'api','0b09727fbab549b698bf743b3f5a93d32b8e4d58a20d6a9112b835c83ef3b1fb','["*"]','2026-03-11 12:02:36',NULL,'2026-03-11 12:00:47','2026-03-11 12:02:36');
INSERT INTO personal_access_tokens VALUES(418,'App\Models\User',46,'api','3e4da96f958bc8c47cc2481dc15009a368953a74b8c9acb63fecbf3cdcb898ff','["*"]','2026-03-11 12:06:48',NULL,'2026-03-11 12:06:16','2026-03-11 12:06:48');
INSERT INTO personal_access_tokens VALUES(419,'App\Models\User',46,'api','4c39856a9bf7521dd1f28cdf20c9708aad63d6ebd8afe2d89fe45e55fdd07670','["*"]','2026-03-11 12:10:59',NULL,'2026-03-11 12:10:37','2026-03-11 12:10:59');
INSERT INTO personal_access_tokens VALUES(420,'App\Models\User',46,'api','262d8ce6640422dd55b4801140f7a3ca71ea6d132a1ca19f26b5ce87c4fbfc0a','["*"]','2026-03-11 12:15:21',NULL,'2026-03-11 12:14:39','2026-03-11 12:15:21');
INSERT INTO personal_access_tokens VALUES(421,'App\Models\User',46,'api','a0dacc880d8c5f5c710a8ff1a63db630a506fc38814ae198069816c795a1e596','["*"]','2026-03-11 12:21:08',NULL,'2026-03-11 12:19:32','2026-03-11 12:21:08');
INSERT INTO personal_access_tokens VALUES(422,'App\Models\User',81,'api','7584b3ea0c42baa5a62f178bca07fcf0fda000f477d00d3b178bac8b52ca5cab','["*"]','2026-03-11 12:30:34',NULL,'2026-03-11 12:27:00','2026-03-11 12:30:34');
INSERT INTO personal_access_tokens VALUES(425,'App\Models\User',84,'api','98479ef6dd8300f937d43a5208267efbd5a9dc15f748f5dda04bf3fc1c4ba3c5','["*"]','2026-03-11 12:55:01',NULL,'2026-03-11 12:52:59','2026-03-11 12:55:01');
INSERT INTO personal_access_tokens VALUES(427,'App\Models\User',46,'api','2bc241a681482d6f68ff9421cc42c0c06ceeabb411d30ceeef264d1fe1520981','["*"]','2026-03-11 13:09:25',NULL,'2026-03-11 13:08:48','2026-03-11 13:09:25');
INSERT INTO personal_access_tokens VALUES(428,'App\Models\User',46,'api','54700a17df352c3293ac9f050eb951a71b9e858b179f62cbcaff97bc3be91817','["*"]','2026-03-11 13:18:37',NULL,'2026-03-11 13:18:30','2026-03-11 13:18:37');
INSERT INTO personal_access_tokens VALUES(430,'App\Models\User',9,'api','1daa9e8df01f6a31de97e87e7093833fa9ddf12169d1f621a96ec011ead2bce9','["*"]','2026-03-11 13:43:17',NULL,'2026-03-11 13:42:44','2026-03-11 13:43:17');
INSERT INTO personal_access_tokens VALUES(431,'App\Models\User',9,'api','27f20f8e3c984bb7be19b0489f977662ff4e01ce74fd79739f3538bb7c8e701b','["*"]','2026-03-11 13:44:24',NULL,'2026-03-11 13:44:01','2026-03-11 13:44:24');
INSERT INTO personal_access_tokens VALUES(432,'App\Models\User',9,'api','fed269b82bc5f49f8f7683493be66bd4d13b939aa8f2afa434c363bf17d22ae1','["*"]','2026-03-11 13:45:50',NULL,'2026-03-11 13:44:47','2026-03-11 13:45:50');
INSERT INTO personal_access_tokens VALUES(433,'App\Models\User',81,'api','191ee3229d3bd88899738d6c4db9c75625b53473bb69aa2e95c915445f5c5c2e','["*"]','2026-03-11 13:48:28',NULL,'2026-03-11 13:46:20','2026-03-11 13:48:28');
INSERT INTO personal_access_tokens VALUES(434,'App\Models\User',81,'api','200c0f3627dd4693b0d9df3ca10f9b2f3256f1e356a7d17e8b7802c23c0690a8','["*"]','2026-03-11 13:47:21',NULL,'2026-03-11 13:47:18','2026-03-11 13:47:21');
INSERT INTO personal_access_tokens VALUES(435,'App\Models\User',46,'api','1ec6aa864f640651fe7b6be77fdfd9516cca89631e36e7bca4c2e0bec019e0c7','["*"]','2026-03-11 13:48:31',NULL,'2026-03-11 13:48:25','2026-03-11 13:48:31');
INSERT INTO personal_access_tokens VALUES(436,'App\Models\User',9,'api','3f8d1a24e2c1d2e7c1bbe78b51fbb33560ca3582ac4d07dceda8bb63dcf286ef','["*"]','2026-03-11 13:49:07',NULL,'2026-03-11 13:48:51','2026-03-11 13:49:07');
INSERT INTO personal_access_tokens VALUES(437,'App\Models\User',9,'api','0add288e50f7b2613acde924e455b9dee6f868db8e3a549406335f7467149a80','["*"]','2026-03-11 13:55:23',NULL,'2026-03-11 13:49:41','2026-03-11 13:55:23');
INSERT INTO personal_access_tokens VALUES(438,'App\Models\User',81,'api','f0d5dbe22d25d6b21df289e1eb3479c896a074a4352cc73c0a9f5e0e031eb0c8','["*"]','2026-03-11 13:53:28',NULL,'2026-03-11 13:50:22','2026-03-11 13:53:28');
INSERT INTO personal_access_tokens VALUES(439,'App\Models\User',81,'api','5e0edc4e428facfda91090029f29a1de844ed6b5735546ff56275d9dfcf0a8b1','["*"]','2026-03-11 13:54:14',NULL,'2026-03-11 13:54:09','2026-03-11 13:54:14');
INSERT INTO personal_access_tokens VALUES(440,'App\Models\User',81,'api','9d3054e5e34f5481d02b740870ee6514411ffc8e7603c51bf7491c8b224e8655','["*"]','2026-03-11 13:54:52',NULL,'2026-03-11 13:54:50','2026-03-11 13:54:52');
INSERT INTO personal_access_tokens VALUES(441,'App\Models\User',81,'api','4ff07d7e5cb3857697890a3ee6193e9c58b062e58430ccd1b1f1465861d8646f','["*"]','2026-03-11 13:56:42',NULL,'2026-03-11 13:56:37','2026-03-11 13:56:42');
INSERT INTO personal_access_tokens VALUES(442,'App\Models\User',81,'api','398d0c80171d3bf5c39eee39271d3f241d1b08cf6060dd7508b92c92f2ae7ce3','["*"]','2026-03-11 13:57:23',NULL,'2026-03-11 13:57:22','2026-03-11 13:57:23');
INSERT INTO personal_access_tokens VALUES(443,'App\Models\User',81,'api','939e1c0cb98492e8dffc4546e592c7aeafd7d8d5aa8312cf31daa75bee0720bc','["*"]','2026-03-11 14:01:25',NULL,'2026-03-11 14:01:16','2026-03-11 14:01:25');
INSERT INTO personal_access_tokens VALUES(444,'App\Models\User',81,'api','ce473ffb9a18303087f5cf2a8e80bea7e8b2c725f5d152e3ccb7b939bc5f7fc1','["*"]','2026-03-11 14:03:41',NULL,'2026-03-11 14:02:46','2026-03-11 14:03:41');
INSERT INTO personal_access_tokens VALUES(445,'App\Models\User',81,'api','31f26bd285b8556f7bf960bbb89c1ae55818210e62c8e9f1ae0060140a033f54','["*"]','2026-03-11 14:06:24',NULL,'2026-03-11 14:04:10','2026-03-11 14:06:24');
INSERT INTO personal_access_tokens VALUES(446,'App\Models\User',9,'api','2bf985ce5a2b26c2fe66d4d00f22c94a7ae0227ee30cccbf2d7b6d4a093585af','["*"]','2026-03-11 14:04:52',NULL,'2026-03-11 14:04:43','2026-03-11 14:04:52');
INSERT INTO personal_access_tokens VALUES(448,'App\Models\User',81,'api','62ac80effb2c3cdc69c5472bbb2fc868da110f13ba06c4a958b1c050d3ee2417','["*"]','2026-03-11 14:07:13',NULL,'2026-03-11 14:07:11','2026-03-11 14:07:13');
INSERT INTO personal_access_tokens VALUES(449,'App\Models\User',81,'api','fede967bee9fa2f10fdbdbeaed0935e9a2795eb6cbf74be91867e425d478ca3c','["*"]','2026-03-11 14:10:31',NULL,'2026-03-11 14:10:25','2026-03-11 14:10:31');
INSERT INTO personal_access_tokens VALUES(450,'App\Models\User',9,'api','211824b8d08e084ccb5a3b0f593f1b65e55baefe981b4bcc4dac199feec4c721','["*"]','2026-03-11 14:22:04',NULL,'2026-03-11 14:21:37','2026-03-11 14:22:04');
INSERT INTO personal_access_tokens VALUES(451,'App\Models\User',9,'api','a43a28ee314ab3cc4c2130bf24540ab5e03abd8f6f9f45524d70180d3ff3acbe','["*"]','2026-03-11 14:22:58',NULL,'2026-03-11 14:22:26','2026-03-11 14:22:58');
INSERT INTO personal_access_tokens VALUES(452,'App\Models\User',9,'api','4de9019201e45998651333364faac93c51b30819f6bc5055b813e173518c5a0c','["*"]','2026-03-11 14:30:17',NULL,'2026-03-11 14:29:38','2026-03-11 14:30:17');
INSERT INTO personal_access_tokens VALUES(453,'App\Models\User',81,'api','ede5b3fbae057f41d0ce226b28f57d20f7528731a53a2598f436e3748fbb5654','["*"]','2026-03-11 15:01:43',NULL,'2026-03-11 15:01:41','2026-03-11 15:01:43');
INSERT INTO personal_access_tokens VALUES(454,'App\Models\User',9,'api','84d2abb4a5cb98b4faabfd08232445e6a838d3a24a60eec1b0560c47047d7348','["*"]','2026-03-11 15:24:44',NULL,'2026-03-11 15:24:29','2026-03-11 15:24:44');
INSERT INTO personal_access_tokens VALUES(455,'App\Models\User',9,'api','bd09348f5c7c6eabc12bf9c2072443bb5966a4fa054e4d0d9b98689619ab0581','["*"]','2026-03-11 15:36:08',NULL,'2026-03-11 15:30:34','2026-03-11 15:36:08');
INSERT INTO personal_access_tokens VALUES(458,'App\Models\User',81,'api','2129547f2e7a475e2c96365b77524cdb82f08831e0a5983815bfef319e5b2f0c','["*"]','2026-03-12 06:40:06',NULL,'2026-03-12 06:38:33','2026-03-12 06:40:06');
INSERT INTO personal_access_tokens VALUES(462,'App\Models\User',84,'api','bc905622ead2a5e4c199f483f2f9cd38c1dcf90e39f98deca7e86b9788f71f58','["*"]','2026-03-12 06:40:57',NULL,'2026-03-12 06:40:56','2026-03-12 06:40:57');
INSERT INTO personal_access_tokens VALUES(463,'App\Models\User',81,'api','0400736a64c0fcfe7b63c95641ac3b0421edac3f74beace685d96ef885604c14','["*"]','2026-03-12 06:45:53',NULL,'2026-03-12 06:41:31','2026-03-12 06:45:53');
INSERT INTO personal_access_tokens VALUES(464,'App\Models\User',84,'api','ba7c66adb8508a1db6ca498eaeb407d987a515817e5d625c4a1a810cf39931bd','["*"]','2026-03-12 06:48:11',NULL,'2026-03-12 06:46:09','2026-03-12 06:48:11');
INSERT INTO personal_access_tokens VALUES(465,'App\Models\User',81,'api','18effaac56d197d6a4412ba6750fa5df0f57ed5dffb46744075c229fcd1f57f5','["*"]','2026-03-12 07:11:09',NULL,'2026-03-12 06:50:04','2026-03-12 07:11:09');
INSERT INTO personal_access_tokens VALUES(469,'App\Models\User',24,'api','93d0cd15227d1fb91f34d56bb7af22dcd668a63e84deab02c2958363febd0b1f','["*"]','2026-03-12 07:10:41',NULL,'2026-03-12 07:10:22','2026-03-12 07:10:41');
INSERT INTO personal_access_tokens VALUES(470,'App\Models\User',81,'api','58fc803fea4b809f137362a6af163f2a0115091dc339e61f980ccdd188b7111d','["*"]','2026-03-12 07:15:22',NULL,'2026-03-12 07:12:34','2026-03-12 07:15:22');
INSERT INTO personal_access_tokens VALUES(473,'App\Models\User',24,'api','d26db265e7a26682a98bc9a21dd801e3ea74e8244fedc8dc408d79051870a454','["*"]','2026-03-12 07:20:02',NULL,'2026-03-12 07:19:14','2026-03-12 07:20:02');
INSERT INTO personal_access_tokens VALUES(474,'App\Models\User',81,'api','570d9ec020c4882ad61d94087f2310fa08fceb7c68395b883ada9218325898d4','["*"]','2026-03-12 07:26:11',NULL,'2026-03-12 07:23:41','2026-03-12 07:26:11');
INSERT INTO personal_access_tokens VALUES(478,'App\Models\User',81,'api','fa277dd28723c1235bd6fda8a9481f3d6c3690d4fd731c88a6476d86015ad35c','["*"]','2026-03-12 07:50:44',NULL,'2026-03-12 07:43:22','2026-03-12 07:50:44');
INSERT INTO personal_access_tokens VALUES(479,'App\Models\User',24,'api','17ca860cb21865983285f9f9f5fad8cac2d536c910b2a39585069ab0f6c136f6','["*"]','2026-03-12 08:31:01',NULL,'2026-03-12 07:50:05','2026-03-12 08:31:01');
INSERT INTO personal_access_tokens VALUES(480,'App\Models\User',9,'api','6491cf26711bafe45f6b9bcb348ae51524ffdb456401cff6ed733227d9f0d6e4','["*"]','2026-03-12 07:54:22',NULL,'2026-03-12 07:52:08','2026-03-12 07:54:22');
INSERT INTO personal_access_tokens VALUES(482,'App\Models\User',81,'api','f414208ad653e10596dc38a211eb5abbaa98314ef9339e6660c6e4dd533df73c','["*"]','2026-03-12 07:56:45',NULL,'2026-03-12 07:56:16','2026-03-12 07:56:45');
INSERT INTO personal_access_tokens VALUES(484,'App\Models\User',9,'api','75453c39225476f665adc16e4da5f9e8c3fa66481288d71825b840bc30fbf5fa','["*"]','2026-03-12 08:04:31',NULL,'2026-03-12 08:00:42','2026-03-12 08:04:31');
INSERT INTO personal_access_tokens VALUES(486,'App\Models\User',81,'api','dc210a9010d3dc2bb372abc531fcb317a3f1fecd6e48392acdf18ac8bbc735b5','["*"]','2026-03-12 08:54:46',NULL,'2026-03-12 08:53:46','2026-03-12 08:54:46');
INSERT INTO personal_access_tokens VALUES(487,'App\Models\User',24,'api','26d8c84fad91abf8d9a9b9bf321e19ce42322164f93ec32f3f0f142859d244bb','["*"]','2026-03-12 08:55:19',NULL,'2026-03-12 08:55:02','2026-03-12 08:55:19');
INSERT INTO personal_access_tokens VALUES(490,'App\Models\User',81,'api','c157ed1ef6e795a3c9262e8f0c40d8cdba57dd7cc61a5f45a2813f0cef975a09','["*"]','2026-03-12 09:24:54',NULL,'2026-03-12 08:57:23','2026-03-12 09:24:54');
INSERT INTO personal_access_tokens VALUES(492,'App\Models\User',24,'api','1603252777602c2b883b6b2a678efabe404d2c731da9d45da39c2e0a07ded9d3','["*"]','2026-03-12 09:26:46',NULL,'2026-03-12 09:24:41','2026-03-12 09:26:46');
INSERT INTO personal_access_tokens VALUES(494,'App\Models\User',81,'api','823225a7044e0d994bfff8ada434c29423792ab83773905a498ed4a1baad80ca','["*"]','2026-03-12 09:49:03',NULL,'2026-03-12 09:27:07','2026-03-12 09:49:03');
INSERT INTO personal_access_tokens VALUES(497,'App\Models\User',81,'api','5d24adf84f196211d925cc625937006a87700af4d371c424dce8c112a806b5fa','["*"]','2026-03-12 09:53:16',NULL,'2026-03-12 09:52:04','2026-03-12 09:53:16');
INSERT INTO personal_access_tokens VALUES(499,'App\Models\User',24,'api','4737927d1bce70c543e9263246572081a943884a485a9fd3402c3bde8294deaf','["*"]','2026-03-12 10:14:11',NULL,'2026-03-12 10:12:42','2026-03-12 10:14:11');
INSERT INTO personal_access_tokens VALUES(501,'App\Models\User',81,'api','55008aed403adfb372c82572a65e78bdfdc627978c966d6263059fe5beccc916','["*"]','2026-03-12 10:18:55',NULL,'2026-03-12 10:18:07','2026-03-12 10:18:55');
INSERT INTO personal_access_tokens VALUES(504,'App\Models\User',81,'api','d65bd17f1740dc6c6bf4c56a06cd2aaf28c735d35950fe54ea36e1d59e148afe','["*"]','2026-03-12 10:22:22',NULL,'2026-03-12 10:21:25','2026-03-12 10:22:22');
INSERT INTO personal_access_tokens VALUES(506,'App\Models\User',24,'api','4456564cc77541cebc2a5bac147ac9e27829522fa33d5bd042b2bddfba404509','["*"]','2026-03-12 10:34:15',NULL,'2026-03-12 10:32:08','2026-03-12 10:34:15');
INSERT INTO personal_access_tokens VALUES(508,'App\Models\User',81,'api','aa351f6406fe0a69f0ab69c62fa8cd3847819bdd2f2adacfe5f2f2344abd0457','["*"]','2026-03-12 10:51:51',NULL,'2026-03-12 10:43:13','2026-03-12 10:51:51');
INSERT INTO personal_access_tokens VALUES(509,'App\Models\User',81,'api','98a82a771dc3547e5ab87a0f4fc15dfcf137b4d4e9fe611c593b1908643ec18f','["*"]','2026-03-12 10:55:45',NULL,'2026-03-12 10:52:05','2026-03-12 10:55:45');
INSERT INTO personal_access_tokens VALUES(510,'App\Models\User',24,'api','087fbc8df5f4f9cbe2c25b640ee9a501e86d813dbbc9f29f359c7252db679f24','["*"]','2026-03-12 11:02:45',NULL,'2026-03-12 10:55:02','2026-03-12 11:02:45');
INSERT INTO personal_access_tokens VALUES(512,'App\Models\User',24,'api','aba4fb7b71715e9460238818f48699f6dedc80b106ee1d3831aef7cd7116c93b','["*"]','2026-03-12 11:08:20',NULL,'2026-03-12 11:07:19','2026-03-12 11:08:20');
INSERT INTO personal_access_tokens VALUES(513,'App\Models\User',24,'api','f0e8ae1f7e2f1f701e97191df3b6dd737071a9eccba74c93001bae5d057d3958','["*"]','2026-03-12 11:13:59',NULL,'2026-03-12 11:12:50','2026-03-12 11:13:59');
INSERT INTO personal_access_tokens VALUES(514,'App\Models\User',24,'api','77562fff39e636172c4a85a1fccff841878ca703d2f8decbe5b0325c069d769d','["*"]',NULL,NULL,'2026-03-12 11:19:24','2026-03-12 11:19:24');
INSERT INTO personal_access_tokens VALUES(516,'App\Models\User',81,'api','bc2b4f7bf1cefb5267ba25b6bdef18f219dffe61372d187d294d2dc0f3c1a62d','["*"]','2026-03-12 11:22:13',NULL,'2026-03-12 11:21:38','2026-03-12 11:22:13');
INSERT INTO personal_access_tokens VALUES(518,'App\Models\User',24,'api','381f1a2adf2f8533c9347e1b8bb3972ac3a9f0b57b0fd0c070be5b518f7d42d8','["*"]','2026-03-12 11:24:22',NULL,'2026-03-12 11:23:48','2026-03-12 11:24:22');
INSERT INTO personal_access_tokens VALUES(520,'App\Models\User',81,'api','17d10453093d23ca6bfd8ae0ad0ca49bc0e9628785a31ab74ebb5acf823ede71','["*"]','2026-03-12 12:32:37',NULL,'2026-03-12 11:36:59','2026-03-12 12:32:37');
INSERT INTO personal_access_tokens VALUES(521,'App\Models\User',24,'api','bbead7adc1b8e16246726d0afe0784c3a6eda51353e9ac31463b6c56c0757644','["*"]','2026-03-12 11:44:46',NULL,'2026-03-12 11:44:45','2026-03-12 11:44:46');
INSERT INTO personal_access_tokens VALUES(522,'App\Models\User',24,'api','be53ce2f699d48d9b735b7b060ab3cfbbe7cefca24bce8cf5ff05e65e87e169b','["*"]','2026-03-12 11:53:03',NULL,'2026-03-12 11:53:01','2026-03-12 11:53:03');
INSERT INTO personal_access_tokens VALUES(523,'App\Models\User',24,'api','c349fa9877db4417b4aadf009fe5008e6cfe322858a755596a8f79cb9ab59ab4','["*"]','2026-03-12 11:54:32',NULL,'2026-03-12 11:54:24','2026-03-12 11:54:32');
INSERT INTO personal_access_tokens VALUES(524,'App\Models\User',24,'api','7e3d4a82b9237be43a1f2c83d0f78510d16efc1768c3f75b752342ccc4e3e176','["*"]','2026-03-12 11:55:50',NULL,'2026-03-12 11:55:46','2026-03-12 11:55:50');
INSERT INTO personal_access_tokens VALUES(525,'App\Models\User',24,'api','d579713e5c374bef084234283275250ee1f27fcf504367173a9007f3e611d981','["*"]','2026-03-12 12:00:14',NULL,'2026-03-12 11:59:43','2026-03-12 12:00:14');
INSERT INTO personal_access_tokens VALUES(528,'App\Models\User',24,'api','d616cffc02c59d3ab5238e70a1e78b45512ff3386b1f1e523423792cd7bb7da9','["*"]','2026-03-12 12:14:43',NULL,'2026-03-12 12:13:31','2026-03-12 12:14:43');
INSERT INTO personal_access_tokens VALUES(529,'App\Models\User',24,'api','94ed308dd7c7cec6a0bf6f202a5a035288d0c275d43c2acc55bf930150714016','["*"]','2026-03-12 12:20:55',NULL,'2026-03-12 12:15:32','2026-03-12 12:20:55');
INSERT INTO personal_access_tokens VALUES(531,'App\Models\User',24,'api','e5f53573b2bf100ac9560067b33ec6b5987035021ca2e1ff46524b835643d689','["*"]','2026-03-12 12:24:25',NULL,'2026-03-12 12:24:10','2026-03-12 12:24:25');
INSERT INTO personal_access_tokens VALUES(532,'App\Models\User',24,'api','96eeb6e5b8c866c278c1ab2238e6aec88766928d899435950113234603765b81','["*"]','2026-03-12 12:27:11',NULL,'2026-03-12 12:27:08','2026-03-12 12:27:11');
INSERT INTO personal_access_tokens VALUES(533,'App\Models\User',24,'api','664cfa8f25a2b4f9c7af10ba3edc4276bf5b174c090f237f0f6d38075366150c','["*"]','2026-03-12 12:29:09',NULL,'2026-03-12 12:29:05','2026-03-12 12:29:09');
INSERT INTO personal_access_tokens VALUES(534,'App\Models\User',24,'api','20236c5a9748b27f93c5c01ec5daf52b076b215f71169ce201c7ac896cb42282','["*"]','2026-03-12 12:41:19',NULL,'2026-03-12 12:30:40','2026-03-12 12:41:19');
INSERT INTO personal_access_tokens VALUES(535,'App\Models\User',24,'api','f5afede9ac6b54b4a39db2bd6ec7e0d129663e7ad86eccd10c55590db8fb57f0','["*"]','2026-03-12 12:44:23',NULL,'2026-03-12 12:44:21','2026-03-12 12:44:23');
INSERT INTO personal_access_tokens VALUES(536,'App\Models\User',24,'api','ad591d023c43c5413a03d8132b60e5f27fd2c77c43345370d6705b3f2f3255a6','["*"]','2026-03-12 12:51:18',NULL,'2026-03-12 12:51:06','2026-03-12 12:51:18');
INSERT INTO personal_access_tokens VALUES(537,'App\Models\User',24,'api','57d8e41ec840885e0ee64276cb72bbeb9187b4312725c4ce56c43f18ef057cee','["*"]','2026-03-12 12:57:56',NULL,'2026-03-12 12:55:24','2026-03-12 12:57:56');
CREATE TABLE IF NOT EXISTS "admin_profiles" ("id" integer primary key autoincrement not null, "user_id" integer not null, "type" varchar check ("type" in ('admin', 'waka', 'kepsek', 'karyawan', 'staf')) not null default 'admin', "created_at" datetime, "updated_at" datetime, foreign key("user_id") references "users"("id") on delete cascade);
INSERT INTO admin_profiles VALUES(1,84,'admin','2026-03-03 05:00:29','2026-03-03 05:00:29');
INSERT INTO admin_profiles VALUES(2,9,'waka','2026-03-03 05:00:48','2026-03-03 05:00:48');
INSERT INTO admin_profiles VALUES(3,81,'waka','2026-03-03 05:00:48','2026-03-03 05:00:48');
INSERT INTO admin_profiles VALUES(4,41,'waka','2026-03-03 05:00:48','2026-03-03 05:00:48');
INSERT INTO admin_profiles VALUES(5,75,'waka','2026-03-03 05:00:48','2026-03-03 05:00:48');
INSERT INTO admin_profiles VALUES(6,69,'waka','2026-03-06 14:58:16','2026-03-06 14:58:16');
INSERT INTO admin_profiles VALUES(7,63,'waka','2026-03-06 14:58:16','2026-03-06 14:58:16');
INSERT INTO admin_profiles VALUES(8,48,'waka','2026-03-06 14:58:16','2026-03-06 14:58:16');
CREATE TABLE IF NOT EXISTS "class_schedules" ("id" integer primary key autoincrement not null, "class_id" integer not null, "semester" integer not null, "year" varchar not null, "is_active" tinyint(1) not null default '1', "created_at" datetime, "updated_at" datetime, foreign key("class_id") references "classes"("id") on delete cascade);
INSERT INTO class_schedules VALUES(1,6,2,'2025/2026',1,'2026-03-03 05:00:29','2026-03-06 09:01:37');
CREATE TABLE IF NOT EXISTS "daily_schedules" ("id" integer primary key autoincrement not null, "class_schedule_id" integer not null, "day" varchar check ("day" in ('Monday', 'Tuesday', 'Wednesday', 'Thursday', 'Friday', 'Saturday', 'Sunday')) not null, "created_at" datetime, "updated_at" datetime, foreign key("class_schedule_id") references "class_schedules"("id") on delete cascade);
INSERT INTO daily_schedules VALUES(131,1,'Monday','2026-03-12 11:22:01','2026-03-12 11:22:01');
INSERT INTO daily_schedules VALUES(132,1,'Tuesday','2026-03-12 11:22:01','2026-03-12 11:22:01');
INSERT INTO daily_schedules VALUES(133,1,'Wednesday','2026-03-12 11:22:02','2026-03-12 11:22:02');
INSERT INTO daily_schedules VALUES(134,1,'Thursday','2026-03-12 11:22:02','2026-03-12 11:22:02');
INSERT INTO daily_schedules VALUES(135,1,'Friday','2026-03-12 11:22:02','2026-03-12 11:22:02');
CREATE TABLE IF NOT EXISTS "schedule_items" ("id" integer primary key autoincrement not null, "daily_schedule_id" integer not null, "subject_id" integer, "teacher_id" integer not null, "start_time" time not null, "end_time" time not null, "room" varchar, "keterangan" varchar, "created_at" datetime, "updated_at" datetime, foreign key("daily_schedule_id") references "daily_schedules"("id") on delete cascade, foreign key("subject_id") references "subjects"("id") on delete set null, foreign key("teacher_id") references "teacher_profiles"("id") on delete cascade);
INSERT INTO schedule_items VALUES(443,131,17,12,'07:00','08:20','R. 12',NULL,'2026-03-12 11:22:01','2026-03-12 11:22:01');
INSERT INTO schedule_items VALUES(444,131,18,48,'08:20','09:40','R. 12',NULL,'2026-03-12 11:22:01','2026-03-12 11:22:01');
INSERT INTO schedule_items VALUES(445,131,19,21,'10:00','11:20','R. 12',NULL,'2026-03-12 11:22:01','2026-03-12 11:22:01');
INSERT INTO schedule_items VALUES(446,131,20,39,'11:30','15:00','R. 12',NULL,'2026-03-12 11:22:01','2026-03-12 11:22:01');
INSERT INTO schedule_items VALUES(447,132,20,46,'07:00','11:30','R. 12',NULL,'2026-03-12 11:22:01','2026-03-12 11:22:01');
INSERT INTO schedule_items VALUES(448,132,21,56,'11:30','13:00','R. 12',NULL,'2026-03-12 11:22:01','2026-03-12 11:22:01');
INSERT INTO schedule_items VALUES(449,132,22,55,'13:00','15:00','R. 12',NULL,'2026-03-12 11:22:02','2026-03-12 11:22:02');
INSERT INTO schedule_items VALUES(450,133,23,82,'07:00','07:40','R. 12',NULL,'2026-03-12 11:22:02','2026-03-12 11:22:02');
INSERT INTO schedule_items VALUES(451,133,18,46,'07:40','09:40','R. 12',NULL,'2026-03-12 11:22:02','2026-03-12 11:22:02');
INSERT INTO schedule_items VALUES(452,133,20,46,'10:00','15:00','R. 12',NULL,'2026-03-12 11:22:02','2026-03-12 11:22:02');
INSERT INTO schedule_items VALUES(453,134,19,24,'07:00','10:15','R. 12',NULL,'2026-03-12 11:22:02','2026-03-12 11:22:02');
INSERT INTO schedule_items VALUES(454,134,24,24,'10:15','11:20','R. 12',NULL,'2026-03-12 11:22:02','2026-03-12 11:22:02');
INSERT INTO schedule_items VALUES(455,134,25,24,'11:20','13:00','R. 12',NULL,'2026-03-12 11:22:02','2026-03-12 11:22:02');
INSERT INTO schedule_items VALUES(456,134,20,9,'13:00','15:00','R. 12',NULL,'2026-03-12 11:22:02','2026-03-12 11:22:02');
INSERT INTO schedule_items VALUES(457,135,20,39,'08:20','10:40','R. 12',NULL,'2026-03-12 11:22:02','2026-03-12 11:22:02');
INSERT INTO schedule_items VALUES(458,135,26,51,'10:40','13:40','R. 12',NULL,'2026-03-12 11:22:02','2026-03-12 11:22:02');
INSERT INTO schedule_items VALUES(459,135,20,38,'13:40','15:00','R. 12',NULL,'2026-03-12 11:22:02','2026-03-12 11:22:02');
CREATE TABLE IF NOT EXISTS "student_profiles" ("id" integer primary key autoincrement not null, "user_id" integer not null, "nisn" varchar not null, "nis" varchar not null, "gender" varchar not null, "address" text not null, "created_at" datetime, "updated_at" datetime, "class_id" integer, "is_class_officer" tinyint(1) not null default '0', "parent_phone" varchar, foreign key("user_id") references users("id") on delete cascade on update no action, foreign key("class_id") references "classes"("id") on delete set null);
INSERT INTO student_profiles VALUES(1,85,'3078207819','3078207819','L','Alamat Siswa','2026-03-03 05:00:29','2026-03-03 05:00:29',5,0,NULL);
INSERT INTO student_profiles VALUES(2,86,'0086659776','0086659776','L','Alamat Siswa','2026-03-03 05:00:30','2026-03-03 05:00:30',5,0,NULL);
INSERT INTO student_profiles VALUES(3,87,'0087441890','0087441890','P','Alamat Siswa','2026-03-03 05:00:31','2026-03-03 05:00:31',5,0,NULL);
INSERT INTO student_profiles VALUES(4,88,'0071026334','0071026334','L','Alamat Siswa','2026-03-03 05:00:31','2026-03-03 05:00:31',5,0,NULL);
INSERT INTO student_profiles VALUES(5,89,'0078492418','0078492418','L','Alamat Siswa','2026-03-03 05:00:31','2026-03-03 05:00:31',5,0,NULL);
INSERT INTO student_profiles VALUES(6,90,'0077521428','0077521428','P','Alamat Siswa','2026-03-03 05:00:32','2026-03-03 05:00:32',5,0,NULL);
INSERT INTO student_profiles VALUES(7,91,'0084302867','0084302867','P','Alamat Siswa','2026-03-03 05:00:32','2026-03-03 05:00:32',5,0,NULL);
INSERT INTO student_profiles VALUES(8,92,'0079564039','0079564039','P','Alamat Siswa','2026-03-03 05:00:32','2026-03-03 05:00:32',5,0,NULL);
INSERT INTO student_profiles VALUES(9,93,'0087599872','0087599872','P','Alamat Siswa','2026-03-03 05:00:33','2026-03-03 05:00:33',5,0,NULL);
INSERT INTO student_profiles VALUES(10,94,'0084701495','0084701495','P','Alamat Siswa','2026-03-03 05:00:33','2026-03-03 05:00:33',5,0,NULL);
INSERT INTO student_profiles VALUES(11,95,'0079518058','0079518058','P','Alamat Siswa','2026-03-03 05:00:33','2026-03-03 05:00:33',5,0,NULL);
INSERT INTO student_profiles VALUES(12,96,'0076823738','0076823738','P','Alamat Siswa','2026-03-03 05:00:34','2026-03-03 05:00:34',5,0,NULL);
INSERT INTO student_profiles VALUES(13,97,'0088840490','0088840490','L','Alamat Siswa','2026-03-03 05:00:34','2026-03-03 05:00:34',5,0,NULL);
INSERT INTO student_profiles VALUES(14,98,'0086920055','0086920055','L','Alamat Siswa','2026-03-03 05:00:34','2026-03-03 05:00:34',5,0,NULL);
INSERT INTO student_profiles VALUES(15,99,'0088032174','0088032174','P','Alamat Siswa','2026-03-03 05:00:35','2026-03-03 05:00:35',5,0,NULL);
INSERT INTO student_profiles VALUES(16,100,'0089732684','0089732684','P','Alamat Siswa','2026-03-03 05:00:35','2026-03-03 05:00:35',5,0,NULL);
INSERT INTO student_profiles VALUES(17,101,'0086246127','0086246127','L','Alamat Siswa','2026-03-03 05:00:35','2026-03-03 05:00:35',5,0,NULL);
INSERT INTO student_profiles VALUES(18,102,'3079461424','3079461424','L','Alamat Siswa','2026-03-03 05:00:35','2026-03-03 05:00:35',5,0,NULL);
INSERT INTO student_profiles VALUES(19,103,'0077372447','0077372447','P','Alamat Siswa','2026-03-03 05:00:36','2026-03-03 05:00:36',5,0,NULL);
INSERT INTO student_profiles VALUES(20,104,'0073851099','0073851099','L','Alamat Siswa','2026-03-03 05:00:36','2026-03-03 05:00:36',5,0,NULL);
INSERT INTO student_profiles VALUES(21,105,'0082111423','0082111423','P','Alamat Siswa','2026-03-03 05:00:36','2026-03-03 05:00:36',5,0,NULL);
INSERT INTO student_profiles VALUES(22,106,'0078343685','0078343685','L','Alamat Siswa','2026-03-03 05:00:36','2026-03-03 05:00:36',5,0,NULL);
INSERT INTO student_profiles VALUES(23,107,'0081555900','0081555900','L','Alamat Siswa','2026-03-03 05:00:37','2026-03-03 05:00:37',5,0,NULL);
INSERT INTO student_profiles VALUES(24,108,'0081936855','0081936855','L','Alamat Siswa','2026-03-03 05:00:37','2026-03-03 05:00:37',5,0,NULL);
INSERT INTO student_profiles VALUES(25,109,'0079300540','0079300540','L','Alamat Siswa','2026-03-03 05:00:37','2026-03-03 05:00:37',5,0,NULL);
INSERT INTO student_profiles VALUES(26,110,'0088713839','0088713839','L','Alamat Siswa','2026-03-03 05:00:37','2026-03-03 05:00:37',5,0,NULL);
INSERT INTO student_profiles VALUES(27,111,'0087853322','0087853322','P','Alamat Siswa','2026-03-03 05:00:38','2026-03-03 05:00:38',5,0,NULL);
INSERT INTO student_profiles VALUES(28,112,'0088560011','0088560011','P','Alamat Siswa','2026-03-03 05:00:38','2026-03-03 05:00:38',5,0,NULL);
INSERT INTO student_profiles VALUES(29,113,'0062756939','0062756939','P','Alamat Siswa','2026-03-03 05:00:38','2026-03-03 05:00:38',5,0,NULL);
INSERT INTO student_profiles VALUES(30,114,'0087538918','0087538918','L','Alamat Siswa','2026-03-03 05:00:38','2026-03-03 05:00:38',5,0,NULL);
INSERT INTO student_profiles VALUES(31,115,'0072226999','0072226999','P','Alamat Siswa','2026-03-03 05:00:38','2026-03-03 05:00:38',5,0,NULL);
INSERT INTO student_profiles VALUES(32,116,'0074853632','0074853632','L','Alamat Siswa','2026-03-03 05:00:39','2026-03-03 05:00:39',5,0,NULL);
INSERT INTO student_profiles VALUES(33,117,'0089462835','0089462835','P','Alamat Siswa','2026-03-03 05:00:39','2026-03-03 05:00:39',5,0,NULL);
INSERT INTO student_profiles VALUES(34,118,'0077181841','0077181841','P','Alamat Siswa','2026-03-03 05:00:39','2026-03-03 05:00:39',5,0,NULL);
INSERT INTO student_profiles VALUES(35,119,'0086237279','0086237279','P','Alamat Siswa','2026-03-03 05:00:40','2026-03-03 05:00:40',5,0,NULL);
INSERT INTO student_profiles VALUES(36,120,'0074316703','0074316703','P','Alamat Siswa','2026-03-03 05:00:40','2026-03-03 05:00:40',5,0,NULL);
INSERT INTO student_profiles VALUES(37,121,'0074182519','0074182519','P','Alamat Siswa','2026-03-03 05:00:40','2026-03-03 05:00:40',6,0,NULL);
INSERT INTO student_profiles VALUES(38,122,'0074320819','0074320819','P','Alamat Siswa','2026-03-03 05:00:40','2026-03-03 05:00:40',6,0,NULL);
INSERT INTO student_profiles VALUES(39,123,'0078658367','0078658367','P','Alamat Siswa','2026-03-03 05:00:41','2026-03-03 05:00:41',6,0,NULL);
INSERT INTO student_profiles VALUES(40,124,'0079292238','0079292238','L','Alamat Siswa','2026-03-03 05:00:41','2026-03-03 05:00:48',6,1,NULL);
INSERT INTO student_profiles VALUES(41,125,'0084421457','0084421457','L','Alamat Siswa','2026-03-03 05:00:41','2026-03-03 05:00:41',6,0,NULL);
INSERT INTO student_profiles VALUES(42,126,'0089104721','0089104721','L','Alamat Siswa','2026-03-03 05:00:41','2026-03-03 05:00:41',6,0,NULL);
INSERT INTO student_profiles VALUES(43,127,'0087917739','0087917739','L','Alamat Siswa','2026-03-03 05:00:41','2026-03-03 05:00:41',6,0,NULL);
INSERT INTO student_profiles VALUES(44,128,'0074704843','0074704843','L','Alamat Siswa','2026-03-03 05:00:42','2026-03-03 05:00:42',6,0,NULL);
INSERT INTO student_profiles VALUES(45,129,'0077192596','0077192596','L','Alamat Siswa','2026-03-03 05:00:42','2026-03-03 05:00:42',6,0,NULL);
INSERT INTO student_profiles VALUES(46,130,'0075024492','0075024492','L','Alamat Siswa','2026-03-03 05:00:42','2026-03-03 05:00:42',6,0,NULL);
INSERT INTO student_profiles VALUES(47,131,'0141951182','0141951182','L','Alamat Siswa','2026-03-03 05:00:42','2026-03-03 05:00:42',6,0,NULL);
INSERT INTO student_profiles VALUES(48,132,'0072504970','0072504970','P','Alamat Siswa','2026-03-03 05:00:43','2026-03-03 05:00:43',6,0,NULL);
INSERT INTO student_profiles VALUES(49,133,'0061631562','0061631562','P','Alamat Siswa','2026-03-03 05:00:43','2026-03-03 05:00:43',6,0,NULL);
INSERT INTO student_profiles VALUES(50,134,'0081112175','0081112175','P','Alamat Siswa','2026-03-03 05:00:43','2026-03-03 05:00:43',6,0,NULL);
INSERT INTO student_profiles VALUES(51,135,'0089965810','0089965810','P','Alamat Siswa','2026-03-03 05:00:43','2026-03-03 05:00:43',6,0,NULL);
INSERT INTO student_profiles VALUES(52,136,'0085834363','0085834363','P','Alamat Siswa','2026-03-03 05:00:44','2026-03-03 05:00:44',6,0,NULL);
INSERT INTO student_profiles VALUES(53,137,'0087884391','0087884391','P','Alamat Siswa','2026-03-03 05:00:44','2026-03-03 05:00:44',6,0,NULL);
INSERT INTO student_profiles VALUES(54,138,'0078285764','0078285764','P','Alamat Siswa','2026-03-03 05:00:44','2026-03-03 05:00:44',6,0,NULL);
INSERT INTO student_profiles VALUES(55,139,'0078980482','0078980482','P','Alamat Siswa','2026-03-03 05:00:44','2026-03-03 05:00:44',6,0,NULL);
INSERT INTO student_profiles VALUES(56,140,'0078036100','0078036100','P','Alamat Siswa','2026-03-03 05:00:45','2026-03-03 05:00:45',6,0,NULL);
INSERT INTO student_profiles VALUES(57,141,'0081838771','0081838771','P','Alamat Siswa','2026-03-03 05:00:45','2026-03-03 05:00:45',6,0,NULL);
INSERT INTO student_profiles VALUES(58,142,'0079312790','0079312790','P','Alamat Siswa','2026-03-03 05:00:45','2026-03-03 05:00:45',6,0,NULL);
INSERT INTO student_profiles VALUES(59,143,'0084924963','0084924963','P','Alamat Siswa','2026-03-03 05:00:45','2026-03-03 05:00:45',6,0,NULL);
INSERT INTO student_profiles VALUES(60,144,'0077652198','0077652198','L','Alamat Siswa','2026-03-03 05:00:45','2026-03-03 05:00:45',6,0,NULL);
INSERT INTO student_profiles VALUES(61,145,'0087959211','0087959211','P','Alamat Siswa','2026-03-03 05:00:46','2026-03-03 05:00:46',6,0,NULL);
INSERT INTO student_profiles VALUES(62,146,'0089530132','0089530132','P','Alamat Siswa','2026-03-03 05:00:46','2026-03-03 05:00:46',6,0,NULL);
INSERT INTO student_profiles VALUES(63,147,'0089479412','0089479412','L','Alamat Siswa','2026-03-03 05:00:46','2026-03-03 05:00:46',6,0,NULL);
INSERT INTO student_profiles VALUES(64,148,'0073540571','0073540571','L','Alamat Siswa','2026-03-03 05:00:46','2026-03-03 05:00:46',6,0,NULL);
INSERT INTO student_profiles VALUES(65,149,'0076610748','0076610748','P','Alamat Siswa','2026-03-03 05:00:47','2026-03-03 05:00:47',6,0,NULL);
INSERT INTO student_profiles VALUES(66,150,'0077493253','0077493253','L','Alamat Siswa','2026-03-03 05:00:47','2026-03-03 05:00:47',6,0,NULL);
INSERT INTO student_profiles VALUES(67,151,'0076376703','0076376703','P','Alamat Siswa','2026-03-03 05:00:47','2026-03-03 05:00:47',6,0,NULL);
INSERT INTO student_profiles VALUES(68,152,'0072620559','0072620559','P','Alamat Siswa','2026-03-03 05:00:47','2026-03-03 05:00:47',6,0,NULL);
INSERT INTO student_profiles VALUES(69,153,'0072336597','0072336597','P','Alamat Siswa','2026-03-03 05:00:48','2026-03-03 05:00:48',6,0,NULL);
INSERT INTO student_profiles VALUES(70,154,'0075802873','0075802873','P','Alamat Siswa','2026-03-03 05:00:48','2026-03-03 05:00:48',6,0,NULL);
CREATE TABLE IF NOT EXISTS "qrcodes" ("id" integer primary key autoincrement not null, "token" varchar not null, "status" varchar not null default ('available'), "created_at" datetime, "updated_at" datetime, "type" varchar check ("type" in ('student', 'teacher')) not null default 'student', "schedule_id" integer, "issued_by" integer, "expires_at" datetime, "is_active" tinyint(1) not null default '1', foreign key("schedule_id") references "schedule_items"("id") on delete set null, foreign key("issued_by") references "users"("id") on delete set null);
INSERT INTO qrcodes VALUES(1,'0f02bffe-b70c-45cd-8be7-808885aeced6.834f2d359ef20c6cef17c55ad6aa99cf87b4179e27c446e70c2dc11e7c9bc3e2','available','2026-03-04 06:56:27','2026-03-04 06:56:27','student',NULL,55,'2026-03-04 07:11:27',1);
INSERT INTO qrcodes VALUES(2,'8acea528-85b9-4f74-8c95-466ee3ff2f55.81414bd6f155d0ae215f19bfe092169d6ae02410d0d9c95093e1e955f30c936a','available','2026-03-04 10:52:56','2026-03-04 10:52:56','student',NULL,124,'2026-03-04 11:07:56',1);
INSERT INTO qrcodes VALUES(3,'a45f1a54-d9e4-4483-89e1-5bc95117a4dd.7d33483b07a1333af303c409ea437fc141ce8c6c50044269af50ab74be283062','expired','2026-03-06 11:22:27','2026-03-06 11:42:54','student',NULL,124,'2026-03-06 11:27:27',0);
INSERT INTO qrcodes VALUES(4,'1ad1a0da-cb6e-4902-92a2-d4b57fc57c1e.76109633dfab4a007fd623e18dd86f2cf75c40a7e0ceff2724cdac38ff36de5e','available','2026-03-06 11:42:54','2026-03-06 11:42:54','student',NULL,124,'2026-03-06 11:47:54',1);
INSERT INTO qrcodes VALUES(5,'4809d536-626a-40b8-9132-cbd0bc76b072.5c1651ca54e8f52e633b4969d0dba7e3b1091cb2a722e957f52fe6f1aade4bd2','available','2026-03-06 12:40:20','2026-03-06 12:40:20','student',NULL,124,'2026-03-06 12:45:20',1);
INSERT INTO qrcodes VALUES(6,'b980a12a-56f8-4d56-99e2-e033018ee1cf.177606ee515a4ec4520fc94038cd488291cc58b9dc15d9b1616c311e246a62f4','expired','2026-03-09 07:01:57','2026-03-09 08:12:15','student',NULL,124,'2026-03-09 07:06:57',0);
INSERT INTO qrcodes VALUES(7,'880bd09c-b7ef-409b-9bc6-9276553538c5.b09db48d0cc0574fb1e8e873ec027de6c7e335e3d5c0ce7b64767f5b0bab695c','available','2026-03-09 08:12:16','2026-03-09 08:12:16','student',NULL,124,'2026-03-09 08:17:15',1);
INSERT INTO qrcodes VALUES(8,'a3c0bd9c-e284-485d-9545-c515b3f86388.4570ce32a061eedc4e037d2a95cec17ea230464cae25484651304469ee8937eb','available','2026-03-09 08:30:27','2026-03-09 08:30:27','student',NULL,124,'2026-03-09 08:35:27',1);
INSERT INTO qrcodes VALUES(9,'ce609a79-27bd-4313-a8b7-7d1856d15fb7.38abd6cbc5c760857ae530377fe2416e07845df6025a6872eb0939ddaec8a088','available','2026-03-09 10:56:36','2026-03-09 10:56:36','student',NULL,124,'2026-03-09 11:01:36',1);
INSERT INTO qrcodes VALUES(10,'0f3e96da-6091-4a1a-838d-e2b5eab69fd2.1783be03da3cb0d5a8e928fc310f00c2c5b9c197a8a9ca8154f1b378f7ae676e','expired','2026-03-09 11:34:47','2026-03-09 12:47:12','student',NULL,124,'2026-03-09 11:39:47',0);
INSERT INTO qrcodes VALUES(11,'e2a58803-bb7c-4c8d-a90d-6e232b4ed1cd.c504e065c11a9d316cf70a8e190189b6f59523d4afc8a48a1a2866fbc41effc6','expired','2026-03-09 12:47:12','2026-03-09 14:42:21','student',NULL,124,'2026-03-09 12:52:12',0);
INSERT INTO qrcodes VALUES(12,'4114d352-89e6-4865-852d-ffbeab637b46.17fa42124c6c9be349c256817d3b55aa265394aa6db2f90abd6286ef9ab20204','available','2026-03-09 14:42:21','2026-03-09 14:42:21','student',NULL,124,'2026-03-09 14:47:21',1);
INSERT INTO qrcodes VALUES(13,'c1c12c46-845a-41c7-9d44-2aae8f020be4.41776866e4cd16f5a206f9a239d3160e17c630c9c6c4644a48e422e8a3d17096','available','2026-03-10 07:32:28','2026-03-10 07:32:28','student',NULL,124,'2026-03-10 07:37:28',1);
INSERT INTO qrcodes VALUES(14,'99dd276c-b910-4711-a8f5-90477c037b68.4bc42c66b08189a0cde3eab3b91aebef3b308f4f80fd13eece7f483cd8afde98','expired','2026-03-10 07:35:43','2026-03-10 08:42:11','student',NULL,124,'2026-03-10 07:40:43',0);
INSERT INTO qrcodes VALUES(15,'3fef4883-97b8-4d48-8303-34001571bcf7.f2e6598b3b16d222b4550cb75afceeb6d5a072363959911b0bf917358b4f68eb','expired','2026-03-10 08:42:11','2026-03-10 09:10:20','student',NULL,124,'2026-03-10 08:47:11',0);
INSERT INTO qrcodes VALUES(16,'dcd39cf5-400c-4d91-b8d8-14004d42db1d.663b267277dbbaee3d585772eff0bd0366218b261861da8686db8bb602fcac70','expired','2026-03-10 09:10:20','2026-03-10 09:38:29','student',NULL,124,'2026-03-10 09:15:20',0);
INSERT INTO qrcodes VALUES(17,'4688355e-c0bc-4ac1-ba13-69862be0e527.22df540fd9a15a963c47e46237798c561273d9a46b27d6f32ee00e45f0826272','available','2026-03-10 09:38:29','2026-03-10 09:38:29','student',NULL,124,'2026-03-10 09:43:29',1);
INSERT INTO qrcodes VALUES(18,'818d2513-662d-4702-bd5a-8afe2605fae0.1d7a5153c3435998e1f4c731cca908f058af3582fc2451fc933e96c39c05cf60','expired','2026-03-10 09:43:05','2026-03-10 10:32:34','student',NULL,124,'2026-03-10 09:48:05',0);
INSERT INTO qrcodes VALUES(19,'f4d320e1-e1e4-4be1-a897-d5b73c1d03e3.b20a28340c05bb8a0eb0dc1f66325576980f7a6ab2bd3a3108447d2070664dd4','expired','2026-03-10 10:32:34','2026-03-10 10:53:32','student',NULL,124,'2026-03-10 10:37:34',0);
INSERT INTO qrcodes VALUES(20,'252913d6-b3c4-47ac-a6df-bd4666fc3fec.baf625745b5d62ffd9f43a4d6c50fd37b8945e78e6383821df5552b3196880ea','expired','2026-03-10 10:53:32','2026-03-10 11:26:38','student',NULL,124,'2026-03-10 10:58:32',0);
INSERT INTO qrcodes VALUES(21,'592d4553-cfb9-4a14-8d21-2989e975b43b.9ddeb2e730bcf8fb0e60f9d0ffebc14999184bdd05fd0eba6468bcc9da00f097','available','2026-03-10 11:26:38','2026-03-10 11:26:38','student',NULL,124,'2026-03-10 11:31:38',1);
INSERT INTO qrcodes VALUES(22,'dfc7f3c2-8885-43e9-af8b-adf116ec886a.73d9b40dc5754c63fe2a85cfdd0c96bf4af27c856e7941ac71ad69be784e910c','expired','2026-03-10 11:51:46','2026-03-10 12:36:44','student',NULL,124,'2026-03-10 11:56:46',0);
INSERT INTO qrcodes VALUES(23,'6ed9abdd-56bc-4a38-9697-bb27c5c8d24b.01ccceebd63cddabb01d0f10c54a7b1211a797a1a9ca095de0c1486a9a057bc9','available','2026-03-10 12:36:44','2026-03-10 12:36:44','student',NULL,124,'2026-03-10 12:41:44',1);
INSERT INTO qrcodes VALUES(24,'a98ac3be-a179-4d94-8f6b-b00bf8909845.887592e45b40ef29dc58fe63fc061198503a8f1b1fa227ea553e2b79326ab885','available','2026-03-11 07:20:02','2026-03-11 07:20:02','student',NULL,124,'2026-03-11 07:25:02',1);
INSERT INTO qrcodes VALUES(25,'1f9bb8e0-0849-42a5-a210-423bdca6dd88.e73664fe4bdfd7f53cd4bbf52e8a5818328c5418bceb53a14decac3334767739','available','2026-03-11 07:50:09','2026-03-11 07:50:09','student',NULL,124,'2026-03-11 07:55:09',1);
INSERT INTO qrcodes VALUES(26,'aef27565-6002-4001-a37f-17404e388794.92d3fbac464d7b3feeeaa6e2a90c039b29cc2dc154787dcecffc1f4e41535a25','available','2026-03-11 10:56:24','2026-03-11 10:56:24','student',NULL,124,'2026-03-11 11:01:24',1);
INSERT INTO qrcodes VALUES(27,'f547c0b6-8d6c-471f-b179-7a6c8545180e.5e8dc36e0fa697ee0c13090077107ef13a2f1887eede9b60dcc501ec3f7fe372','expired','2026-03-12 07:15:48','2026-03-12 07:37:10','student',NULL,124,'2026-03-12 07:20:48',0);
INSERT INTO qrcodes VALUES(28,'3a69b088-040d-4b99-bfea-a6d1657ec96f.3210db2f9ee2b39f5c37eebac4d3e820e11c2ebd04966d471e29a13a9e011f7c','available','2026-03-12 07:37:10','2026-03-12 07:37:10','student',NULL,124,'2026-03-12 07:42:10',1);
INSERT INTO qrcodes VALUES(29,'64091f39-e454-4246-96ad-16b229265c2a.6b8c6d5e034f1e3569ce706dc0545c1d04a8195709b9b5924f7a91f2f3ec9c8a','available','2026-03-12 07:57:49','2026-03-12 07:57:49','student',NULL,124,'2026-03-12 08:02:49',1);
INSERT INTO qrcodes VALUES(30,'9d3cb2d6-2db2-44b6-a197-9c18e7a66b98.b166c1c44813052801802e5d1629e440ff94394ef7d75707eb3a5a949adb6372','available','2026-03-12 08:56:26','2026-03-12 08:56:26','student',NULL,124,'2026-03-12 09:01:26',1);
INSERT INTO qrcodes VALUES(31,'48889173-53b0-4fb7-9da6-3774f8d4af72.1221dca334713bd42dbc62d16c7a9f3637611837e466282909bf5724648d7581','available','2026-03-12 09:25:21','2026-03-12 09:25:21','student',NULL,124,'2026-03-12 09:30:21',1);
INSERT INTO qrcodes VALUES(32,'e6b88b00-fcc8-4094-9913-2df3e2bbaf04.e1093615dd8b91ac2fa6c47dcf65a7bc4b89dba39907e8d2ee8442683127bb1c','expired','2026-03-12 09:49:45','2026-03-12 10:13:02','student',NULL,124,'2026-03-12 09:54:45',0);
INSERT INTO qrcodes VALUES(33,'19f1e288-217d-448f-b64f-8b5b9d90eb46.fbb66d86529955dcbde42951606247b92a7fccac0f43fc543da115ae34ee6527','available','2026-03-12 10:13:02','2026-03-12 10:13:02','student',NULL,124,'2026-03-12 10:18:02',1);
INSERT INTO qrcodes VALUES(34,'fe5bd4dd-95fe-4989-a910-774a218e3278.67691289f2542dcfbb3d1d6e054f00bbd17d09383f312d736fe7f36bacf2d9ab','expired','2026-03-12 10:19:20','2026-03-12 10:41:20','student',NULL,124,'2026-03-12 10:24:20',0);
INSERT INTO qrcodes VALUES(35,'cabb36cc-0a5f-40af-a2ba-443fe6d18983.25f9256db0a65ec19be98a0b51cc8068ad3cbfec54d62ca540196e183cb616bc','available','2026-03-12 10:41:20','2026-03-12 10:41:20','student',NULL,124,'2026-03-12 10:46:20',1);
INSERT INTO qrcodes VALUES(36,'da470c47-12dc-43b6-b11e-62e965d527ee.d84fc49bd1dae76b91ee9936a1564e8248541bf6b7a0fe8c65b267316a443381','expired','2026-03-12 10:56:12','2026-03-12 11:19:40','student',NULL,124,'2026-03-12 11:01:12',0);
INSERT INTO qrcodes VALUES(37,'219a3e3e-352a-462f-9fe5-ab8b72129bc5.e6b4450c37135268e6196dbdb20b3f860edd9ab4849e578f3cec7056237674f7','available','2026-03-12 11:19:40','2026-03-12 11:19:40','student',NULL,124,'2026-03-12 11:24:40',1);
INSERT INTO qrcodes VALUES(38,'f2136897-c0f7-4775-ae5e-69d46221a567.cf4c795ecce5a05f8af001916f24ca3bcd5a44c02cc5bb49b30ef3efff881e8e','available','2026-03-12 11:21:11','2026-03-12 11:21:11','student',NULL,124,'2026-03-12 11:26:11',1);
INSERT INTO qrcodes VALUES(39,'b6b73c00-eb3e-4d31-a6e8-28b40f2ca227.96633733b39b30b682edbbdff05e66823bf010fc858e54e26a2846fe7a20f382','available','2026-03-12 11:22:39','2026-03-12 11:22:39','student',455,124,'2026-03-12 11:27:39',1);
CREATE TABLE IF NOT EXISTS "devices" ("id" integer primary key autoincrement not null, "user_id" integer not null, "identifier" varchar not null, "name" varchar, "platform" varchar, "last_used_at" datetime, "active" tinyint(1) not null default '1', "created_at" datetime, "updated_at" datetime, foreign key("user_id") references "users"("id") on delete cascade);
CREATE TABLE IF NOT EXISTS "school_years" ("id" integer primary key autoincrement not null, "name" varchar not null, "start_year" integer not null, "end_year" integer not null, "active" tinyint(1) not null default '0', "created_at" datetime, "updated_at" datetime);
INSERT INTO school_years VALUES(1,'2024/2025',2024,2025,0,'2026-03-03 05:00:02','2026-03-03 05:00:02');
INSERT INTO school_years VALUES(2,'2025/2026',2025,2026,1,'2026-03-03 05:00:02','2026-03-03 05:00:02');
CREATE TABLE IF NOT EXISTS "semesters" ("id" integer primary key autoincrement not null, "name" varchar not null, "school_year_id" integer not null, "active" tinyint(1) not null default '0', "created_at" datetime, "updated_at" datetime, foreign key("school_year_id") references "school_years"("id") on delete cascade);
INSERT INTO semesters VALUES(1,'Ganjil',2,0,'2026-03-03 05:00:02','2026-03-03 05:00:02');
INSERT INTO semesters VALUES(2,'Genap',2,1,'2026-03-03 05:00:02','2026-03-03 05:00:02');
CREATE TABLE IF NOT EXISTS "rooms" ("id" integer primary key autoincrement not null, "name" varchar not null, "location" varchar, "capacity" integer, "created_at" datetime, "updated_at" datetime);
CREATE TABLE IF NOT EXISTS "subjects" ("id" integer primary key autoincrement not null, "code" varchar not null, "name" varchar not null, "created_at" datetime, "updated_at" datetime);
INSERT INTO subjects VALUES(1,'PAI','Pendidikan Agama dan Budi Pekerti','2026-03-03 05:00:02','2026-03-03 05:00:02');
INSERT INTO subjects VALUES(2,'PKN','Pendidikan Pancasila dan Kewarganegaraan','2026-03-03 05:00:02','2026-03-03 05:00:02');
INSERT INTO subjects VALUES(3,'BIN','Bahasa Indonesia','2026-03-03 05:00:02','2026-03-03 05:00:02');
INSERT INTO subjects VALUES(4,'BIG','Bahasa Inggris','2026-03-03 05:00:02','2026-03-03 05:00:02');
INSERT INTO subjects VALUES(5,'MTK','Matematika','2026-03-03 05:00:02','2026-03-03 05:00:02');
INSERT INTO subjects VALUES(6,'SI','Sejarah Indonesia','2026-03-03 05:00:02','2026-03-03 05:00:02');
INSERT INTO subjects VALUES(7,'OR','Pendidikan Jasmani, Olahraga, dan Kesehatan','2026-03-03 05:00:02','2026-03-03 05:00:02');
INSERT INTO subjects VALUES(8,'SB','Seni Budaya','2026-03-03 05:00:02','2026-03-03 05:00:02');
INSERT INTO subjects VALUES(9,'INF','Informatika','2026-03-03 05:00:02','2026-03-03 05:00:02');
INSERT INTO subjects VALUES(10,'IPAS','Projek Ilmu Pengetahuan Alam dan Sosial','2026-03-03 05:00:02','2026-03-03 05:00:02');
INSERT INTO subjects VALUES(11,'DPK','Dasar-dasar Program Kejurusan','2026-03-03 05:00:02','2026-03-03 05:00:02');
INSERT INTO subjects VALUES(12,'MPKK','Projek Kreatif dan Kewirausahaan','2026-03-03 05:00:02','2026-03-03 05:00:02');
INSERT INTO subjects VALUES(13,'B.JAWA','Muatan Lokal / Bahasa Daerah','2026-03-03 05:00:02','2026-03-03 05:00:02');
INSERT INTO subjects VALUES(14,'BK','Bimbingan Konseling','2026-03-03 05:00:02','2026-03-03 05:00:02');
INSERT INTO subjects VALUES(15,'MPP','Mata Pelajaran Pilihan','2026-03-03 05:00:02','2026-03-03 05:00:02');
INSERT INTO subjects VALUES(16,'PKDK','Projek Kreatif dan Kewirausahaan','2026-03-03 05:00:02','2026-03-03 05:00:02');
INSERT INTO subjects VALUES(17,'PKN-513','PKN','2026-03-03 05:00:29','2026-03-03 05:00:29');
INSERT INTO subjects VALUES(18,'B.I-821','B.Ing','2026-03-03 05:00:29','2026-03-03 05:00:29');
INSERT INTO subjects VALUES(19,'MPP-155','MPP','2026-03-03 05:00:29','2026-03-03 05:00:29');
INSERT INTO subjects VALUES(20,'MPK-951','MPKK','2026-03-03 05:00:29','2026-03-03 05:00:29');
INSERT INTO subjects VALUES(21,'MTK-150','MTK','2026-03-03 05:00:29','2026-03-03 05:00:29');
INSERT INTO subjects VALUES(22,'PAI-471','PAI','2026-03-03 05:00:29','2026-03-03 05:00:29');
INSERT INTO subjects VALUES(23,'B.J-574','B.Jawa','2026-03-03 05:00:29','2026-03-03 05:00:29');
INSERT INTO subjects VALUES(24,'PKD-213','PKDK','2026-03-03 05:00:29','2026-03-03 05:00:29');
INSERT INTO subjects VALUES(25,'BK-531','BK','2026-03-03 05:00:29','2026-03-03 05:00:29');
INSERT INTO subjects VALUES(26,'BI-486','BI','2026-03-03 05:00:29','2026-03-03 05:00:29');
CREATE TABLE IF NOT EXISTS "time_slots" ("id" integer primary key autoincrement not null, "name" varchar not null, "start_time" time not null, "end_time" time not null, "created_at" datetime, "updated_at" datetime);
CREATE TABLE IF NOT EXISTS "majors" ("id" integer primary key autoincrement not null, "code" varchar not null, "name" varchar not null, "category" varchar, "bidang" varchar, "created_at" datetime, "updated_at" datetime, "department" varchar, "program_keahlian" varchar, "bidang_keahlian" varchar);
INSERT INTO majors VALUES(1,'RPL','Rekayasa Perangkat Lunak','Pengembangan Perangkat Lunak dan Gim','Teknologi Informasi','2026-03-03 05:00:02','2026-03-03 05:00:02',NULL,'Pengembangan Perangkat Lunak dan Gim','Teknologi Informasi');
INSERT INTO majors VALUES(2,'TMT','Teknik Mekatronika','Teknik Elektronika','Teknologi Manufaktur dan Rekayasa','2026-03-03 05:00:02','2026-03-03 05:00:02',NULL,'Teknik Elektronika','Teknologi Manufaktur dan Rekayasa');
INSERT INTO majors VALUES(3,'AN','Animasi','Animasi','Seni dan Ekonomi Kreatif','2026-03-03 05:00:02','2026-03-03 05:00:02',NULL,'Animasi','Seni dan Ekonomi Kreatif');
INSERT INTO majors VALUES(4,'BC','Produksi dan Siaran Program Televisi','Broadcasting dan Perfilman','Seni dan Ekonomi Kreatif','2026-03-03 05:00:02','2026-03-03 05:00:02',NULL,'Broadcasting dan Perfilman','Seni dan Ekonomi Kreatif');
INSERT INTO majors VALUES(5,'TEI','Teknik Elektronika Industri','Teknik Elektronika','Teknologi Manufaktur dan Rekayasa','2026-03-03 05:00:02','2026-03-03 05:00:02',NULL,'Teknik Elektronika','Teknologi Manufaktur dan Rekayasa');
INSERT INTO majors VALUES(6,'TKJ','Teknik Komputer dan Jaringan','Teknik Jaringan Komputer dan Telekomunikasi','Teknologi Informasi','2026-03-03 05:00:02','2026-03-03 05:00:02',NULL,'Teknik Jaringan Komputer dan Telekomunikasi','Teknologi Informasi');
INSERT INTO majors VALUES(7,'TAV','Teknik Audio Video','Teknik Elektronika','Teknologi Manufaktur dan Rekayasa','2026-03-03 05:00:02','2026-03-03 05:00:02',NULL,'Teknik Elektronika','Teknologi Manufaktur dan Rekayasa');
INSERT INTO majors VALUES(8,'DKV','Desain Komunikasi Visual','Desain Komunikasi Visual','Seni dan Ekonomi Kreatif','2026-03-03 05:00:02','2026-03-03 05:00:02',NULL,'Desain Komunikasi Visual','Seni dan Ekonomi Kreatif');
CREATE TABLE IF NOT EXISTS "absence_requests" ("id" integer primary key autoincrement not null, "student_id" integer, "class_id" integer, "requested_by" integer, "type" varchar not null, "start_date" date not null, "end_date" date not null, "reason" text, "status" varchar not null default ('pending'), "approved_by" integer, "approved_at" datetime, "approver_signature" text, "created_at" datetime, "updated_at" datetime, "teacher_id" integer, "attachment_path" varchar, foreign key("approved_by") references users("id") on delete set null on update no action, foreign key("requested_by") references users("id") on delete set null on update no action, foreign key("class_id") references classes("id") on delete cascade on update no action, foreign key("student_id") references student_profiles("id") on delete cascade on update no action, foreign key("teacher_id") references "teacher_profiles"("id") on delete set null);
CREATE TABLE IF NOT EXISTS "attendance_attachments" ("id" integer primary key autoincrement not null, "attendance_id" integer not null, "path" varchar not null, "original_name" varchar, "mime_type" varchar, "size" integer, "created_at" datetime, "updated_at" datetime, foreign key("attendance_id") references "attendances"("id") on delete cascade);
INSERT INTO attendance_attachments VALUES(1,64,'attendance-attachments/pIiG40WXchBi2tWgPWun3gS8JT2Lv1kjATLajPbW.jpg','1000835034.jpg','image/jpeg',590019,'2026-03-10 10:54:45','2026-03-10 10:54:45');
INSERT INTO attendance_attachments VALUES(2,265,'attendance-attachments/40jJdc1y10acKawb2OAvi234qfdFCtDJNGRGp4wO.jpg','1000835820.jpg','image/jpeg',52454,'2026-03-11 10:58:50','2026-03-11 10:58:50');
INSERT INTO attendance_attachments VALUES(3,266,'attendance-attachments/23uXcTyGbwCtyhGGNSzEq0v7DK2elSKe7jT79Bix.jpg','1000835255.jpg','image/jpeg',123434,'2026-03-11 11:18:06','2026-03-11 11:18:06');
INSERT INTO attendance_attachments VALUES(4,267,'attendance-attachments/Y2fQlUUzHc73l3yetCY5wtEvXurqFhwONoU9ir0u.jpg','1000834329.jpg','image/jpeg',1941715,'2026-03-11 11:20:07','2026-03-11 11:20:07');
INSERT INTO attendance_attachments VALUES(5,272,'attendance-attachments/DBHVnN2xqNudixZAmF1trpLzDK4mIgYo8Kszh4DW.jpg','1000834122.jpg','image/jpeg',343323,'2026-03-11 12:20:06','2026-03-11 12:20:06');
INSERT INTO attendance_attachments VALUES(6,258,'attendance-attachments/I6HXUzfYvAzKw3AUaJmZ87ldB2A6BpP2HgCqDj5m.jpg','1000835820.jpg','image/jpeg',52454,'2026-03-11 13:09:24','2026-03-11 13:09:24');
INSERT INTO attendance_attachments VALUES(7,206,'attendance-attachments/8UumuOADsGRAUIJrYRbDOzi7ww0wXXxhRinT1YaE.jpg','158337.jpg','image/jpeg',547052,'2026-03-11 13:44:15','2026-03-11 13:44:15');
INSERT INTO attendance_attachments VALUES(8,206,'attendance-attachments/vZQpMblDl42OaarrTRzI4dBmvC2csueefOBz1a6G.jpg','158337.jpg','image/jpeg',547052,'2026-03-11 13:44:17','2026-03-11 13:44:17');
INSERT INTO attendance_attachments VALUES(9,206,'attendance-attachments/YTrd0SVl0BPEVzNPN2zoNmAbH0GWWylogayyGKlg.jpg','158337.jpg','image/jpeg',547052,'2026-03-11 13:44:41','2026-03-11 13:44:41');
INSERT INTO attendance_attachments VALUES(10,206,'attendance-attachments/mLjvGSmklpBbi6Ey0OhrqIk5jr5dCGGp6eqQxzMV.jpg','158337.jpg','image/jpeg',547052,'2026-03-11 13:45:51','2026-03-11 13:45:51');
INSERT INTO attendance_attachments VALUES(11,206,'attendance-attachments/vHRGpOEGN3BClCb3BeK3GuAIunWYeTpkSw9ZPeX9.jpg','158337.jpg','image/jpeg',547052,'2026-03-11 13:45:52','2026-03-11 13:45:52');
INSERT INTO attendance_attachments VALUES(12,206,'attendance-attachments/uyjiFSPEFsuhCVmoUJBm3v9bzoKcjXaWzeVhF5RW.jpg','158337.jpg','image/jpeg',547052,'2026-03-11 13:45:52','2026-03-11 13:45:52');
INSERT INTO attendance_attachments VALUES(13,206,'attendance-attachments/OyPJjJoZyO3mAiPxVT0gDK0dERkhwxWyikuocyYF.jpg','158337.jpg','image/jpeg',547052,'2026-03-11 13:45:52','2026-03-11 13:45:52');
INSERT INTO attendance_attachments VALUES(14,206,'attendance-attachments/k8H1aiwDMr3EFsuVcJlPdTnfpt29gk6SGJgFNKwo.jpg','158337.jpg','image/jpeg',547052,'2026-03-11 13:46:05','2026-03-11 13:46:05');
INSERT INTO attendance_attachments VALUES(15,206,'attendance-attachments/TMXrNKkhrGKGGNBqAOEexJu4z9HbfYzKp8d68jww.jpg','158337.jpg','image/jpeg',547052,'2026-03-11 13:46:25','2026-03-11 13:46:25');
INSERT INTO attendance_attachments VALUES(16,206,'attendance-attachments/fqqfxQsVVQCGnn1NqyYuHXVvviMYwkmiZm4HbFca.jpg','158337.jpg','image/jpeg',547052,'2026-03-11 13:46:26','2026-03-11 13:46:26');
INSERT INTO attendance_attachments VALUES(17,206,'attendance-attachments/TO3nZILQd7QebGmdBWn5mboktBva1bIAMCKldzAI.jpg','158337.jpg','image/jpeg',547052,'2026-03-11 13:46:33','2026-03-11 13:46:33');
INSERT INTO attendance_attachments VALUES(18,206,'attendance-attachments/1n3lkHW5FWGdnf9Rc0dFa0eX1AD9hLoICByuSyga.jpg','158337.jpg','image/jpeg',547052,'2026-03-11 13:46:37','2026-03-11 13:46:37');
INSERT INTO attendance_attachments VALUES(19,273,'attendance-attachments/HTI9AOR1JyAGF0vhiakFMamRymmfmG8cFdn5bKT3.jpg','1000162163.jpg','image/jpeg',56258,'2026-03-12 07:14:33','2026-03-12 07:14:33');
INSERT INTO attendance_attachments VALUES(20,273,'attendance-attachments/DvXEXFAxq09OMrG0A7Kr1RGEiTcGPlBwfwdpCkBa.jpg','1000162166.jpg','image/jpeg',61492,'2026-03-12 07:28:29','2026-03-12 07:28:29');
INSERT INTO attendance_attachments VALUES(21,291,'attendance-attachments/OvkW0af1p6RYZdMFihit8ctiMsIouR90V3vM5F6u.jpg','1000162166.jpg','image/jpeg',61492,'2026-03-12 07:28:52','2026-03-12 07:28:52');
INSERT INTO attendance_attachments VALUES(22,326,'attendance-attachments/7zUdb8rPOxYYv23EFOJdnzGEuzFQ8ATckKGovUc0.jpg','1000162166.jpg','image/jpeg',61492,'2026-03-12 07:38:47','2026-03-12 07:38:47');
INSERT INTO attendance_attachments VALUES(23,273,'attendance-attachments/nmpQFmRcUbc54Mmkm23HlDYTD1zPnPtRVlcGRcgd.jpg','1000162166.jpg','image/jpeg',61492,'2026-03-12 07:40:29','2026-03-12 07:40:29');
INSERT INTO attendance_attachments VALUES(24,273,'attendance-attachments/39U469i0WPeAERp6HIGea9EJYVugR9Ol7hMWwKHC.jpg','1000162166.jpg','image/jpeg',61492,'2026-03-12 07:40:30','2026-03-12 07:40:30');
INSERT INTO attendance_attachments VALUES(25,327,'attendance-attachments/ot1oXIW7HP2z3FKdr5i5RCkUs9fRoB92lXwm9GUk.jpg','1000152447.jpg','image/jpeg',149944,'2026-03-12 07:46:03','2026-03-12 07:46:03');
INSERT INTO attendance_attachments VALUES(27,386,'attendance-attachments/pIdyiZvHMfjAskZK9nSBymAWXAem6nNbuFZgsf4m.png','1000162530.png','image/png',605889,'2026-03-12 11:41:00','2026-03-12 11:41:00');
INSERT INTO attendance_attachments VALUES(28,389,'attendance-attachments/CzJqaXm1soZgdcDyDyT3Cbh4q3NPbm77u1NQqI15.jpg','1000162167.jpg','image/jpeg',50555,'2026-03-12 11:42:48','2026-03-12 11:42:48');
CREATE TABLE IF NOT EXISTS "attendances" ("id" integer primary key autoincrement not null, "date" date not null, "student_id" integer, "teacher_id" integer, "qrcode_id" integer, "reason" text, "reason_file" varchar, "created_at" datetime, "updated_at" datetime, "attendee_type" varchar not null, "status" varchar not null default ('present'), "checked_in_at" datetime, "schedule_id" integer, "source" varchar, "is_draft" tinyint(1) not null default '0', "draft_saved_at" datetime, "finalized_at" datetime, "manual_session_started_at" datetime, foreign key("qrcode_id") references qrcodes("id") on delete set null on update no action, foreign key("teacher_id") references teacher_profiles("id") on delete set null on update no action, foreign key("student_id") references student_profiles("id") on delete set null on update no action, foreign key("schedule_id") references schedule_items("id") on delete set null on update no action);
INSERT INTO attendances VALUES(1,'2026-03-04 00:00:00',37,NULL,NULL,'Simulasi perizinan pulang lebih awal.','leave-attachments/ul9OEvP2fX5pKiIFFVcfqGqVyKU5Vvfdu88b6xn4.png','2026-03-04 06:05:05','2026-03-04 06:05:05','student','sakit',NULL,NULL,'manual',0,NULL,'2026-03-04 06:05:05',NULL);
INSERT INTO attendances VALUES(2,'2026-03-04 00:00:00',37,NULL,NULL,'Simulasi perizinan pulang lebih awal.','leave-attachments/ul9OEvP2fX5pKiIFFVcfqGqVyKU5Vvfdu88b6xn4.png','2026-03-04 06:05:05','2026-03-04 06:05:05','student','sakit',NULL,NULL,'manual',0,NULL,'2026-03-04 06:05:05',NULL);
INSERT INTO attendances VALUES(3,'2026-03-04 00:00:00',37,NULL,NULL,'Simulasi perizinan pulang lebih awal.','leave-attachments/ul9OEvP2fX5pKiIFFVcfqGqVyKU5Vvfdu88b6xn4.png','2026-03-04 06:05:05','2026-03-04 06:05:05','student','sakit',NULL,NULL,'manual',0,NULL,'2026-03-04 06:05:05',NULL);
INSERT INTO attendances VALUES(4,'2026-03-04 00:00:00',37,NULL,NULL,'Simulasi perizinan pulang lebih awal.','leave-attachments/N1HxBbMt6EBy8WXxYI5HSIA30S3QbzFamyYEAtln.png','2026-03-04 06:05:38','2026-03-04 06:05:38','student','sakit',NULL,NULL,'manual',0,NULL,'2026-03-04 06:05:38',NULL);
INSERT INTO attendances VALUES(5,'2026-03-04 00:00:00',37,NULL,NULL,'Simulasi perizinan pulang lebih awal.','leave-attachments/N1HxBbMt6EBy8WXxYI5HSIA30S3QbzFamyYEAtln.png','2026-03-04 06:05:38','2026-03-04 06:05:38','student','sakit',NULL,NULL,'manual',0,NULL,'2026-03-04 06:05:38',NULL);
INSERT INTO attendances VALUES(6,'2026-03-04 00:00:00',37,NULL,NULL,'Simulasi perizinan pulang lebih awal.','leave-attachments/N1HxBbMt6EBy8WXxYI5HSIA30S3QbzFamyYEAtln.png','2026-03-04 06:05:38','2026-03-04 06:05:38','student','sakit',NULL,NULL,'manual',0,NULL,'2026-03-04 06:05:38',NULL);
INSERT INTO attendances VALUES(7,'2026-03-04 07:13:53',NULL,82,1,NULL,NULL,'2026-03-04 07:13:53','2026-03-10 10:07:29','teacher','present','2026-03-04 07:13:53',NULL,'manual',0,NULL,'2026-03-04 07:13:53',NULL);
INSERT INTO attendances VALUES(8,'2026-03-04 00:00:00',44,NULL,NULL,'Dummy test data',NULL,'2026-03-04 09:29:24','2026-03-04 09:29:24','student','sakit','2026-03-04 09:29:24',NULL,'manual',0,NULL,'2026-03-04 09:29:24',NULL);
INSERT INTO attendances VALUES(9,'2026-03-03 00:00:00',44,NULL,NULL,'Dummy test data',NULL,'2026-03-04 09:29:24','2026-03-04 09:29:24','student','hadir','2026-03-03 09:29:24',NULL,'manual',0,NULL,'2026-03-04 09:29:24',NULL);
INSERT INTO attendances VALUES(10,'2026-03-02 00:00:00',44,NULL,NULL,'Dummy test data',NULL,'2026-03-04 09:29:24','2026-03-04 09:29:24','student','izin','2026-03-02 09:29:24',NULL,'manual',0,NULL,'2026-03-04 09:29:24',NULL);
INSERT INTO attendances VALUES(11,'2026-03-01 00:00:00',44,NULL,NULL,'Dummy test data',NULL,'2026-03-04 09:29:24','2026-03-04 09:29:24','student','izin','2026-03-01 09:29:24',NULL,'manual',0,NULL,'2026-03-04 09:29:24',NULL);
INSERT INTO attendances VALUES(12,'2026-02-28 00:00:00',44,NULL,NULL,'Dummy test data',NULL,'2026-03-04 09:29:24','2026-03-04 09:29:24','student','hadir','2026-02-28 09:29:24',NULL,'manual',0,NULL,'2026-03-04 09:29:24',NULL);
INSERT INTO attendances VALUES(13,'2026-02-27 00:00:00',44,NULL,NULL,'Dummy test data',NULL,'2026-03-04 09:29:24','2026-03-04 09:29:24','student','hadir','2026-02-27 09:29:24',NULL,'manual',0,NULL,'2026-03-04 09:29:24',NULL);
INSERT INTO attendances VALUES(14,'2026-02-26 00:00:00',44,NULL,NULL,'Dummy test data',NULL,'2026-03-04 09:29:24','2026-03-04 09:29:24','student','izin','2026-02-26 09:29:24',NULL,'manual',0,NULL,'2026-03-04 09:29:24',NULL);
INSERT INTO attendances VALUES(15,'2026-02-25 00:00:00',44,NULL,NULL,'Dummy test data',NULL,'2026-03-04 09:29:24','2026-03-04 09:29:24','student','dispensasi','2026-02-25 09:29:24',NULL,'manual',0,NULL,'2026-03-04 09:29:24',NULL);
INSERT INTO attendances VALUES(16,'2026-02-24 00:00:00',44,NULL,NULL,'Dummy test data',NULL,'2026-03-04 09:29:24','2026-03-04 09:29:24','student','sakit','2026-02-24 09:29:24',NULL,'manual',0,NULL,'2026-03-04 09:29:24',NULL);
INSERT INTO attendances VALUES(17,'2026-02-23 00:00:00',44,NULL,NULL,'Dummy test data',NULL,'2026-03-04 09:29:24','2026-03-04 09:29:24','student','pulang','2026-02-23 09:29:24',NULL,'manual',0,NULL,'2026-03-04 09:29:24',NULL);
INSERT INTO attendances VALUES(18,'2026-02-22 00:00:00',44,NULL,NULL,'Dummy test data',NULL,'2026-03-04 09:29:24','2026-03-04 09:29:24','student','pulang','2026-02-22 09:29:24',NULL,'manual',0,NULL,'2026-03-04 09:29:24',NULL);
INSERT INTO attendances VALUES(19,'2026-02-21 00:00:00',44,NULL,NULL,'Dummy test data',NULL,'2026-03-04 09:29:24','2026-03-04 09:29:24','student','hadir','2026-02-21 09:29:24',NULL,'manual',0,NULL,'2026-03-04 09:29:24',NULL);
INSERT INTO attendances VALUES(20,'2026-02-20 00:00:00',44,NULL,NULL,'Dummy test data',NULL,'2026-03-04 09:29:24','2026-03-04 09:29:24','student','izin','2026-02-20 09:29:24',NULL,'manual',0,NULL,'2026-03-04 09:29:24',NULL);
INSERT INTO attendances VALUES(21,'2026-02-19 00:00:00',44,NULL,NULL,'Dummy test data',NULL,'2026-03-04 09:29:24','2026-03-04 09:29:24','student','dispensasi','2026-02-19 09:29:24',NULL,'manual',0,NULL,'2026-03-04 09:29:24',NULL);
INSERT INTO attendances VALUES(22,'2026-02-18 00:00:00',44,NULL,NULL,'Dummy test data',NULL,'2026-03-04 09:29:24','2026-03-04 09:29:24','student','alfa','2026-02-18 09:29:24',NULL,'manual',0,NULL,'2026-03-04 09:29:24',NULL);
INSERT INTO attendances VALUES(23,'2026-03-06 11:22:32',NULL,51,3,NULL,NULL,'2026-03-06 11:22:32','2026-03-06 11:22:32','teacher','late','2026-03-06 11:22:32',NULL,'qrcode',0,NULL,'2026-03-06 11:22:32',NULL);
INSERT INTO attendances VALUES(24,'2026-03-09 07:02:01',NULL,12,6,NULL,NULL,'2026-03-09 07:02:01','2026-03-09 07:02:01','teacher','late','2026-03-09 07:02:01',NULL,'qrcode',0,NULL,'2026-03-09 07:02:01',NULL);
INSERT INTO attendances VALUES(25,'2026-03-09 14:43:04',NULL,39,12,NULL,NULL,'2026-03-09 14:43:04','2026-03-09 14:43:04','teacher','late','2026-03-09 14:43:04',NULL,'qrcode',0,NULL,'2026-03-09 14:43:04',NULL);
INSERT INTO attendances VALUES(26,'2026-03-10 07:35:49',NULL,46,14,NULL,NULL,'2026-03-10 07:35:49','2026-03-10 07:35:49','teacher','late','2026-03-10 07:35:49',NULL,'qrcode',0,NULL,'2026-03-10 07:35:49',NULL);
INSERT INTO attendances VALUES(27,'2026-03-10 00:00:00',59,NULL,NULL,'uuhh',NULL,'2026-03-10 08:45:54','2026-03-10 08:45:54','student','excused','2026-03-10 00:00:00',NULL,'manual',0,NULL,'2026-03-10 08:45:54',NULL);
INSERT INTO attendances VALUES(28,'2026-03-10 00:00:00',44,NULL,NULL,'sakit',NULL,'2026-03-10 08:49:53','2026-03-10 08:49:53','student','excused','2026-03-10 00:00:00',NULL,'manual',0,NULL,'2026-03-10 08:49:53',NULL);
INSERT INTO attendances VALUES(29,'2026-03-10 00:00:00',37,NULL,NULL,NULL,NULL,'2026-03-10 09:40:51','2026-03-10 10:53:31','student','absent','2026-03-10 09:40:51',NULL,'manual',0,NULL,'2026-03-10 09:40:51',NULL);
INSERT INTO attendances VALUES(30,'2026-03-10 00:00:00',38,NULL,NULL,NULL,NULL,'2026-03-10 09:40:51','2026-03-10 09:40:51','student','present','2026-03-10 09:40:51',NULL,'manual',0,NULL,'2026-03-10 09:40:51',NULL);
INSERT INTO attendances VALUES(31,'2026-03-10 00:00:00',39,NULL,NULL,NULL,NULL,'2026-03-10 09:40:51','2026-03-10 09:40:51','student','present','2026-03-10 09:40:51',NULL,'manual',0,NULL,'2026-03-10 09:40:51',NULL);
INSERT INTO attendances VALUES(32,'2026-03-10 00:00:00',40,NULL,NULL,NULL,NULL,'2026-03-10 09:40:51','2026-03-10 09:40:51','student','present','2026-03-10 09:40:51',NULL,'manual',0,NULL,'2026-03-10 09:40:51',NULL);
INSERT INTO attendances VALUES(33,'2026-03-10 00:00:00',41,NULL,NULL,NULL,NULL,'2026-03-10 09:40:51','2026-03-10 09:40:51','student','present','2026-03-10 09:40:51',NULL,'manual',0,NULL,'2026-03-10 09:40:51',NULL);
INSERT INTO attendances VALUES(34,'2026-03-10 00:00:00',42,NULL,NULL,NULL,NULL,'2026-03-10 09:40:51','2026-03-10 09:40:51','student','present','2026-03-10 09:40:51',NULL,'manual',0,NULL,'2026-03-10 09:40:51',NULL);
INSERT INTO attendances VALUES(35,'2026-03-10 00:00:00',43,NULL,NULL,NULL,NULL,'2026-03-10 09:40:51','2026-03-10 09:40:51','student','present','2026-03-10 09:40:51',NULL,'manual',0,NULL,'2026-03-10 09:40:51',NULL);
INSERT INTO attendances VALUES(36,'2026-03-10 00:00:00',44,NULL,NULL,NULL,NULL,'2026-03-10 09:40:51','2026-03-10 09:40:51','student','present','2026-03-10 09:40:51',NULL,'manual',0,NULL,'2026-03-10 09:40:51',NULL);
INSERT INTO attendances VALUES(37,'2026-03-10 00:00:00',45,NULL,NULL,NULL,NULL,'2026-03-10 09:40:51','2026-03-10 09:40:51','student','present','2026-03-10 09:40:51',NULL,'manual',0,NULL,'2026-03-10 09:40:51',NULL);
INSERT INTO attendances VALUES(38,'2026-03-10 00:00:00',46,NULL,NULL,NULL,NULL,'2026-03-10 09:40:51','2026-03-10 09:40:51','student','present','2026-03-10 09:40:51',NULL,'manual',0,NULL,'2026-03-10 09:40:51',NULL);
INSERT INTO attendances VALUES(39,'2026-03-10 00:00:00',47,NULL,NULL,NULL,NULL,'2026-03-10 09:40:51','2026-03-10 09:40:51','student','present','2026-03-10 09:40:51',NULL,'manual',0,NULL,'2026-03-10 09:40:51',NULL);
INSERT INTO attendances VALUES(40,'2026-03-10 00:00:00',48,NULL,NULL,NULL,NULL,'2026-03-10 09:40:51','2026-03-10 09:40:51','student','present','2026-03-10 09:40:51',NULL,'manual',0,NULL,'2026-03-10 09:40:51',NULL);
INSERT INTO attendances VALUES(41,'2026-03-10 00:00:00',49,NULL,NULL,NULL,NULL,'2026-03-10 09:40:51','2026-03-10 09:40:51','student','present','2026-03-10 09:40:51',NULL,'manual',0,NULL,'2026-03-10 09:40:51',NULL);
INSERT INTO attendances VALUES(42,'2026-03-10 00:00:00',50,NULL,NULL,NULL,NULL,'2026-03-10 09:40:51','2026-03-10 09:40:51','student','present','2026-03-10 09:40:51',NULL,'manual',0,NULL,'2026-03-10 09:40:51',NULL);
INSERT INTO attendances VALUES(43,'2026-03-10 00:00:00',51,NULL,NULL,NULL,NULL,'2026-03-10 09:40:51','2026-03-10 09:40:51','student','present','2026-03-10 09:40:51',NULL,'manual',0,NULL,'2026-03-10 09:40:51',NULL);
INSERT INTO attendances VALUES(44,'2026-03-10 00:00:00',52,NULL,NULL,NULL,NULL,'2026-03-10 09:40:51','2026-03-10 09:40:51','student','present','2026-03-10 09:40:51',NULL,'manual',0,NULL,'2026-03-10 09:40:51',NULL);
INSERT INTO attendances VALUES(45,'2026-03-10 00:00:00',53,NULL,NULL,NULL,NULL,'2026-03-10 09:40:51','2026-03-10 09:40:51','student','present','2026-03-10 09:40:51',NULL,'manual',0,NULL,'2026-03-10 09:40:51',NULL);
INSERT INTO attendances VALUES(46,'2026-03-10 00:00:00',54,NULL,NULL,NULL,NULL,'2026-03-10 09:40:51','2026-03-10 09:40:51','student','present','2026-03-10 09:40:51',NULL,'manual',0,NULL,'2026-03-10 09:40:51',NULL);
INSERT INTO attendances VALUES(47,'2026-03-10 00:00:00',55,NULL,NULL,NULL,NULL,'2026-03-10 09:40:51','2026-03-10 09:40:51','student','present','2026-03-10 09:40:51',NULL,'manual',0,NULL,'2026-03-10 09:40:51',NULL);
INSERT INTO attendances VALUES(48,'2026-03-10 00:00:00',56,NULL,NULL,NULL,NULL,'2026-03-10 09:40:51','2026-03-10 09:40:51','student','present','2026-03-10 09:40:51',NULL,'manual',0,NULL,'2026-03-10 09:40:51',NULL);
INSERT INTO attendances VALUES(49,'2026-03-10 00:00:00',57,NULL,NULL,NULL,NULL,'2026-03-10 09:40:51','2026-03-10 09:40:51','student','present','2026-03-10 09:40:51',NULL,'manual',0,NULL,'2026-03-10 09:40:51',NULL);
INSERT INTO attendances VALUES(50,'2026-03-10 00:00:00',58,NULL,NULL,NULL,NULL,'2026-03-10 09:40:51','2026-03-10 09:40:51','student','present','2026-03-10 09:40:51',NULL,'manual',0,NULL,'2026-03-10 09:40:51',NULL);
INSERT INTO attendances VALUES(51,'2026-03-10 00:00:00',59,NULL,NULL,NULL,NULL,'2026-03-10 09:40:51','2026-03-10 09:40:51','student','present','2026-03-10 09:40:51',NULL,'manual',0,NULL,'2026-03-10 09:40:51',NULL);
INSERT INTO attendances VALUES(52,'2026-03-10 00:00:00',60,NULL,NULL,NULL,NULL,'2026-03-10 09:40:51','2026-03-10 09:40:51','student','present','2026-03-10 09:40:51',NULL,'manual',0,NULL,'2026-03-10 09:40:51',NULL);
INSERT INTO attendances VALUES(53,'2026-03-10 00:00:00',61,NULL,NULL,NULL,NULL,'2026-03-10 09:40:51','2026-03-10 09:40:51','student','present','2026-03-10 09:40:51',NULL,'manual',0,NULL,'2026-03-10 09:40:51',NULL);
INSERT INTO attendances VALUES(54,'2026-03-10 00:00:00',62,NULL,NULL,NULL,NULL,'2026-03-10 09:40:51','2026-03-10 09:40:51','student','present','2026-03-10 09:40:51',NULL,'manual',0,NULL,'2026-03-10 09:40:51',NULL);
INSERT INTO attendances VALUES(55,'2026-03-10 00:00:00',63,NULL,NULL,NULL,NULL,'2026-03-10 09:40:51','2026-03-10 09:40:51','student','present','2026-03-10 09:40:51',NULL,'manual',0,NULL,'2026-03-10 09:40:51',NULL);
INSERT INTO attendances VALUES(56,'2026-03-10 00:00:00',64,NULL,NULL,NULL,NULL,'2026-03-10 09:40:51','2026-03-10 09:40:51','student','present','2026-03-10 09:40:51',NULL,'manual',0,NULL,'2026-03-10 09:40:51',NULL);
INSERT INTO attendances VALUES(57,'2026-03-10 00:00:00',65,NULL,NULL,NULL,NULL,'2026-03-10 09:40:51','2026-03-10 09:40:51','student','present','2026-03-10 09:40:51',NULL,'manual',0,NULL,'2026-03-10 09:40:51',NULL);
INSERT INTO attendances VALUES(58,'2026-03-10 00:00:00',66,NULL,NULL,NULL,NULL,'2026-03-10 09:40:51','2026-03-10 09:40:51','student','present','2026-03-10 09:40:51',NULL,'manual',0,NULL,'2026-03-10 09:40:51',NULL);
INSERT INTO attendances VALUES(59,'2026-03-10 00:00:00',67,NULL,NULL,NULL,NULL,'2026-03-10 09:40:51','2026-03-10 09:40:51','student','present','2026-03-10 09:40:51',NULL,'manual',0,NULL,'2026-03-10 09:40:51',NULL);
INSERT INTO attendances VALUES(60,'2026-03-10 00:00:00',68,NULL,NULL,NULL,NULL,'2026-03-10 09:40:51','2026-03-10 09:40:51','student','present','2026-03-10 09:40:51',NULL,'manual',0,NULL,'2026-03-10 09:40:51',NULL);
INSERT INTO attendances VALUES(61,'2026-03-10 00:00:00',69,NULL,NULL,NULL,NULL,'2026-03-10 09:40:51','2026-03-10 09:40:51','student','present','2026-03-10 09:40:51',NULL,'manual',0,NULL,'2026-03-10 09:40:51',NULL);
INSERT INTO attendances VALUES(62,'2026-03-10 00:00:00',70,NULL,NULL,NULL,NULL,'2026-03-10 09:40:51','2026-03-10 09:40:51','student','present','2026-03-10 09:40:51',NULL,'manual',0,NULL,'2026-03-10 09:40:51',NULL);
INSERT INTO attendances VALUES(63,'2026-03-10 09:43:11',NULL,46,18,NULL,NULL,'2026-03-10 09:43:11','2026-03-10 09:43:11','teacher','late','2026-03-10 09:43:11',NULL,'qrcode',0,NULL,'2026-03-10 09:43:11',NULL);
INSERT INTO attendances VALUES(64,'2026-03-10 00:00:00',37,NULL,NULL,NULL,NULL,'2026-03-10 09:44:05','2026-03-10 11:53:40','student','present','2026-03-10 09:44:05',NULL,'manual',0,NULL,'2026-03-10 09:44:05',NULL);
INSERT INTO attendances VALUES(65,'2026-03-10 00:00:00',38,NULL,NULL,NULL,NULL,'2026-03-10 09:44:05','2026-03-10 09:44:05','student','present','2026-03-10 09:44:05',NULL,'manual',0,NULL,'2026-03-10 09:44:05',NULL);
INSERT INTO attendances VALUES(66,'2026-03-10 00:00:00',39,NULL,NULL,NULL,NULL,'2026-03-10 09:44:05','2026-03-10 09:44:05','student','present','2026-03-10 09:44:05',NULL,'manual',0,NULL,'2026-03-10 09:44:05',NULL);
INSERT INTO attendances VALUES(67,'2026-03-10 00:00:00',40,NULL,NULL,'halo?',NULL,'2026-03-10 09:44:05','2026-03-10 10:33:43','student','sick','2026-03-10 09:44:05',NULL,'manual',0,NULL,'2026-03-10 09:44:05',NULL);
INSERT INTO attendances VALUES(68,'2026-03-10 00:00:00',41,NULL,NULL,NULL,NULL,'2026-03-10 09:44:05','2026-03-10 09:44:05','student','present','2026-03-10 09:44:05',NULL,'manual',0,NULL,'2026-03-10 09:44:05',NULL);
INSERT INTO attendances VALUES(69,'2026-03-10 00:00:00',42,NULL,NULL,NULL,NULL,'2026-03-10 09:44:05','2026-03-10 09:44:05','student','present','2026-03-10 09:44:05',NULL,'manual',0,NULL,'2026-03-10 09:44:05',NULL);
INSERT INTO attendances VALUES(70,'2026-03-10 00:00:00',43,NULL,NULL,NULL,NULL,'2026-03-10 09:44:05','2026-03-10 09:44:05','student','present','2026-03-10 09:44:05',NULL,'manual',0,NULL,'2026-03-10 09:44:05',NULL);
INSERT INTO attendances VALUES(71,'2026-03-10 00:00:00',44,NULL,NULL,NULL,NULL,'2026-03-10 09:44:05','2026-03-10 09:44:05','student','present','2026-03-10 09:44:05',NULL,'manual',0,NULL,'2026-03-10 09:44:05',NULL);
INSERT INTO attendances VALUES(72,'2026-03-10 00:00:00',45,NULL,NULL,'halo?',NULL,'2026-03-10 09:44:05','2026-03-10 10:35:59','student','excused','2026-03-10 09:44:05',NULL,'manual',0,NULL,'2026-03-10 09:44:05',NULL);
INSERT INTO attendances VALUES(73,'2026-03-10 00:00:00',46,NULL,NULL,NULL,NULL,'2026-03-10 09:44:05','2026-03-10 09:44:05','student','present','2026-03-10 09:44:05',NULL,'manual',0,NULL,'2026-03-10 09:44:05',NULL);
INSERT INTO attendances VALUES(74,'2026-03-10 00:00:00',47,NULL,NULL,NULL,NULL,'2026-03-10 09:44:05','2026-03-10 09:44:05','student','present','2026-03-10 09:44:05',NULL,'manual',0,NULL,'2026-03-10 09:44:05',NULL);
INSERT INTO attendances VALUES(75,'2026-03-10 00:00:00',48,NULL,NULL,NULL,NULL,'2026-03-10 09:44:05','2026-03-10 09:44:05','student','present','2026-03-10 09:44:05',NULL,'manual',0,NULL,'2026-03-10 09:44:05',NULL);
INSERT INTO attendances VALUES(76,'2026-03-10 00:00:00',49,NULL,NULL,NULL,NULL,'2026-03-10 09:44:05','2026-03-10 09:44:05','student','present','2026-03-10 09:44:05',NULL,'manual',0,NULL,'2026-03-10 09:44:05',NULL);
INSERT INTO attendances VALUES(77,'2026-03-10 00:00:00',50,NULL,NULL,NULL,NULL,'2026-03-10 09:44:05','2026-03-10 09:44:05','student','present','2026-03-10 09:44:05',NULL,'manual',0,NULL,'2026-03-10 09:44:05',NULL);
INSERT INTO attendances VALUES(78,'2026-03-10 00:00:00',51,NULL,NULL,NULL,NULL,'2026-03-10 09:44:05','2026-03-10 09:44:05','student','present','2026-03-10 09:44:05',NULL,'manual',0,NULL,'2026-03-10 09:44:05',NULL);
INSERT INTO attendances VALUES(79,'2026-03-10 00:00:00',52,NULL,NULL,NULL,NULL,'2026-03-10 09:44:05','2026-03-10 09:44:05','student','present','2026-03-10 09:44:05',NULL,'manual',0,NULL,'2026-03-10 09:44:05',NULL);
INSERT INTO attendances VALUES(80,'2026-03-10 00:00:00',53,NULL,NULL,NULL,NULL,'2026-03-10 09:44:05','2026-03-10 09:44:05','student','present','2026-03-10 09:44:05',NULL,'manual',0,NULL,'2026-03-10 09:44:05',NULL);
INSERT INTO attendances VALUES(81,'2026-03-10 00:00:00',54,NULL,NULL,NULL,NULL,'2026-03-10 09:44:05','2026-03-10 10:48:03','student','late','2026-03-10 09:44:05',NULL,'manual',0,NULL,'2026-03-10 09:44:05',NULL);
INSERT INTO attendances VALUES(82,'2026-03-10 00:00:00',55,NULL,NULL,NULL,NULL,'2026-03-10 09:44:05','2026-03-10 09:44:05','student','present','2026-03-10 09:44:05',NULL,'manual',0,NULL,'2026-03-10 09:44:05',NULL);
INSERT INTO attendances VALUES(83,'2026-03-10 00:00:00',56,NULL,NULL,NULL,NULL,'2026-03-10 09:44:05','2026-03-10 09:44:05','student','present','2026-03-10 09:44:05',NULL,'manual',0,NULL,'2026-03-10 09:44:05',NULL);
INSERT INTO attendances VALUES(84,'2026-03-10 00:00:00',57,NULL,NULL,NULL,NULL,'2026-03-10 09:44:05','2026-03-10 09:44:05','student','present','2026-03-10 09:44:05',NULL,'manual',0,NULL,'2026-03-10 09:44:05',NULL);
INSERT INTO attendances VALUES(85,'2026-03-10 00:00:00',58,NULL,NULL,NULL,NULL,'2026-03-10 09:44:05','2026-03-10 09:44:05','student','present','2026-03-10 09:44:05',NULL,'manual',0,NULL,'2026-03-10 09:44:05',NULL);
INSERT INTO attendances VALUES(86,'2026-03-10 00:00:00',59,NULL,NULL,NULL,NULL,'2026-03-10 09:44:05','2026-03-10 09:44:05','student','present','2026-03-10 09:44:05',NULL,'manual',0,NULL,'2026-03-10 09:44:05',NULL);
INSERT INTO attendances VALUES(87,'2026-03-10 00:00:00',60,NULL,NULL,NULL,NULL,'2026-03-10 09:44:05','2026-03-10 09:44:05','student','absent','2026-03-10 09:44:05',NULL,'manual',0,NULL,'2026-03-10 09:44:05',NULL);
INSERT INTO attendances VALUES(88,'2026-03-10 00:00:00',61,NULL,NULL,NULL,NULL,'2026-03-10 09:44:05','2026-03-10 09:44:05','student','absent','2026-03-10 09:44:05',NULL,'manual',0,NULL,'2026-03-10 09:44:05',NULL);
INSERT INTO attendances VALUES(89,'2026-03-10 00:00:00',62,NULL,NULL,NULL,NULL,'2026-03-10 09:44:05','2026-03-10 09:44:05','student','absent','2026-03-10 09:44:05',NULL,'manual',0,NULL,'2026-03-10 09:44:05',NULL);
INSERT INTO attendances VALUES(90,'2026-03-10 00:00:00',63,NULL,NULL,NULL,NULL,'2026-03-10 09:44:05','2026-03-10 09:44:05','student','absent','2026-03-10 09:44:05',NULL,'manual',0,NULL,'2026-03-10 09:44:05',NULL);
INSERT INTO attendances VALUES(91,'2026-03-10 00:00:00',64,NULL,NULL,NULL,NULL,'2026-03-10 09:44:05','2026-03-10 09:44:05','student','absent','2026-03-10 09:44:05',NULL,'manual',0,NULL,'2026-03-10 09:44:05',NULL);
INSERT INTO attendances VALUES(92,'2026-03-10 00:00:00',65,NULL,NULL,NULL,NULL,'2026-03-10 09:44:05','2026-03-10 09:44:05','student','absent','2026-03-10 09:44:05',NULL,'manual',0,NULL,'2026-03-10 09:44:05',NULL);
INSERT INTO attendances VALUES(93,'2026-03-10 00:00:00',66,NULL,NULL,NULL,NULL,'2026-03-10 09:44:05','2026-03-10 09:44:05','student','absent','2026-03-10 09:44:05',NULL,'manual',0,NULL,'2026-03-10 09:44:05',NULL);
INSERT INTO attendances VALUES(94,'2026-03-10 00:00:00',67,NULL,NULL,NULL,NULL,'2026-03-10 09:44:05','2026-03-10 09:44:05','student','absent','2026-03-10 09:44:05',NULL,'manual',0,NULL,'2026-03-10 09:44:05',NULL);
INSERT INTO attendances VALUES(95,'2026-03-10 00:00:00',68,NULL,NULL,NULL,NULL,'2026-03-10 09:44:05','2026-03-10 09:44:05','student','absent','2026-03-10 09:44:05',NULL,'manual',0,NULL,'2026-03-10 09:44:05',NULL);
INSERT INTO attendances VALUES(96,'2026-03-10 00:00:00',69,NULL,NULL,NULL,NULL,'2026-03-10 09:44:05','2026-03-10 09:44:05','student','absent','2026-03-10 09:44:05',NULL,'manual',0,NULL,'2026-03-10 09:44:05',NULL);
INSERT INTO attendances VALUES(97,'2026-03-10 00:00:00',70,NULL,NULL,NULL,NULL,'2026-03-10 09:44:05','2026-03-10 09:44:05','student','absent','2026-03-10 09:44:05',NULL,'manual',0,NULL,'2026-03-10 09:44:05',NULL);
INSERT INTO attendances VALUES(98,'2026-03-10 00:00:00',37,NULL,NULL,NULL,NULL,'2026-03-10 10:33:00','2026-03-10 10:53:50','student','present','2026-03-10 10:33:00',NULL,'manual',0,NULL,'2026-03-10 10:33:00',NULL);
INSERT INTO attendances VALUES(99,'2026-03-10 00:00:00',38,NULL,NULL,NULL,NULL,'2026-03-10 10:33:00','2026-03-10 11:53:09','student','late','2026-03-10 10:33:00',NULL,'manual',0,NULL,'2026-03-10 10:33:00',NULL);
INSERT INTO attendances VALUES(100,'2026-03-10 00:00:00',39,NULL,NULL,NULL,NULL,'2026-03-10 10:33:00','2026-03-10 10:33:00','student','present','2026-03-10 10:33:00',NULL,'manual',0,NULL,'2026-03-10 10:33:00',NULL);
INSERT INTO attendances VALUES(101,'2026-03-10 00:00:00',40,NULL,NULL,NULL,NULL,'2026-03-10 10:33:00','2026-03-10 10:33:00','student','absent','2026-03-10 10:33:00',NULL,'manual',0,NULL,'2026-03-10 10:33:00',NULL);
INSERT INTO attendances VALUES(102,'2026-03-10 00:00:00',41,NULL,NULL,NULL,NULL,'2026-03-10 10:33:00','2026-03-10 10:33:00','student','absent','2026-03-10 10:33:00',NULL,'manual',0,NULL,'2026-03-10 10:33:00',NULL);
INSERT INTO attendances VALUES(103,'2026-03-10 00:00:00',42,NULL,NULL,NULL,NULL,'2026-03-10 10:33:00','2026-03-10 10:33:00','student','absent','2026-03-10 10:33:00',NULL,'manual',0,NULL,'2026-03-10 10:33:00',NULL);
INSERT INTO attendances VALUES(104,'2026-03-10 00:00:00',43,NULL,NULL,NULL,NULL,'2026-03-10 10:33:00','2026-03-10 10:33:00','student','absent','2026-03-10 10:33:00',NULL,'manual',0,NULL,'2026-03-10 10:33:00',NULL);
INSERT INTO attendances VALUES(105,'2026-03-10 00:00:00',44,NULL,NULL,NULL,NULL,'2026-03-10 10:33:00','2026-03-10 10:33:00','student','absent','2026-03-10 10:33:00',NULL,'manual',0,NULL,'2026-03-10 10:33:00',NULL);
INSERT INTO attendances VALUES(106,'2026-03-10 00:00:00',45,NULL,NULL,NULL,NULL,'2026-03-10 10:33:00','2026-03-10 10:33:00','student','absent','2026-03-10 10:33:00',NULL,'manual',0,NULL,'2026-03-10 10:33:00',NULL);
INSERT INTO attendances VALUES(107,'2026-03-10 00:00:00',46,NULL,NULL,NULL,NULL,'2026-03-10 10:33:00','2026-03-10 10:33:00','student','absent','2026-03-10 10:33:00',NULL,'manual',0,NULL,'2026-03-10 10:33:00',NULL);
INSERT INTO attendances VALUES(108,'2026-03-10 00:00:00',47,NULL,NULL,NULL,NULL,'2026-03-10 10:33:00','2026-03-10 10:33:00','student','absent','2026-03-10 10:33:00',NULL,'manual',0,NULL,'2026-03-10 10:33:00',NULL);
INSERT INTO attendances VALUES(109,'2026-03-10 00:00:00',48,NULL,NULL,NULL,NULL,'2026-03-10 10:33:00','2026-03-10 10:33:00','student','absent','2026-03-10 10:33:00',NULL,'manual',0,NULL,'2026-03-10 10:33:00',NULL);
INSERT INTO attendances VALUES(110,'2026-03-10 00:00:00',49,NULL,NULL,NULL,NULL,'2026-03-10 10:33:00','2026-03-10 10:33:00','student','absent','2026-03-10 10:33:00',NULL,'manual',0,NULL,'2026-03-10 10:33:00',NULL);
INSERT INTO attendances VALUES(111,'2026-03-10 00:00:00',50,NULL,NULL,NULL,NULL,'2026-03-10 10:33:00','2026-03-10 10:33:00','student','absent','2026-03-10 10:33:00',NULL,'manual',0,NULL,'2026-03-10 10:33:00',NULL);
INSERT INTO attendances VALUES(112,'2026-03-10 00:00:00',51,NULL,NULL,NULL,NULL,'2026-03-10 10:33:00','2026-03-10 10:33:00','student','absent','2026-03-10 10:33:00',NULL,'manual',0,NULL,'2026-03-10 10:33:00',NULL);
INSERT INTO attendances VALUES(113,'2026-03-10 00:00:00',52,NULL,NULL,NULL,NULL,'2026-03-10 10:33:00','2026-03-10 10:33:00','student','absent','2026-03-10 10:33:00',NULL,'manual',0,NULL,'2026-03-10 10:33:00',NULL);
INSERT INTO attendances VALUES(114,'2026-03-10 00:00:00',53,NULL,NULL,NULL,NULL,'2026-03-10 10:33:00','2026-03-10 10:33:00','student','absent','2026-03-10 10:33:00',NULL,'manual',0,NULL,'2026-03-10 10:33:00',NULL);
INSERT INTO attendances VALUES(115,'2026-03-10 00:00:00',54,NULL,NULL,NULL,NULL,'2026-03-10 10:33:00','2026-03-10 10:33:00','student','absent','2026-03-10 10:33:00',NULL,'manual',0,NULL,'2026-03-10 10:33:00',NULL);
INSERT INTO attendances VALUES(116,'2026-03-10 00:00:00',55,NULL,NULL,NULL,NULL,'2026-03-10 10:33:00','2026-03-10 10:33:00','student','absent','2026-03-10 10:33:00',NULL,'manual',0,NULL,'2026-03-10 10:33:00',NULL);
INSERT INTO attendances VALUES(117,'2026-03-10 00:00:00',56,NULL,NULL,NULL,NULL,'2026-03-10 10:33:00','2026-03-10 10:33:00','student','absent','2026-03-10 10:33:00',NULL,'manual',0,NULL,'2026-03-10 10:33:00',NULL);
INSERT INTO attendances VALUES(118,'2026-03-10 00:00:00',57,NULL,NULL,NULL,NULL,'2026-03-10 10:33:00','2026-03-10 10:33:00','student','absent','2026-03-10 10:33:00',NULL,'manual',0,NULL,'2026-03-10 10:33:00',NULL);
INSERT INTO attendances VALUES(119,'2026-03-10 00:00:00',58,NULL,NULL,NULL,NULL,'2026-03-10 10:33:00','2026-03-10 10:33:00','student','absent','2026-03-10 10:33:00',NULL,'manual',0,NULL,'2026-03-10 10:33:00',NULL);
INSERT INTO attendances VALUES(120,'2026-03-10 00:00:00',59,NULL,NULL,NULL,NULL,'2026-03-10 10:33:00','2026-03-10 10:33:00','student','absent','2026-03-10 10:33:00',NULL,'manual',0,NULL,'2026-03-10 10:33:00',NULL);
INSERT INTO attendances VALUES(121,'2026-03-10 00:00:00',60,NULL,NULL,NULL,NULL,'2026-03-10 10:33:00','2026-03-10 10:33:00','student','absent','2026-03-10 10:33:00',NULL,'manual',0,NULL,'2026-03-10 10:33:00',NULL);
INSERT INTO attendances VALUES(122,'2026-03-10 00:00:00',61,NULL,NULL,NULL,NULL,'2026-03-10 10:33:00','2026-03-10 10:33:00','student','absent','2026-03-10 10:33:00',NULL,'manual',0,NULL,'2026-03-10 10:33:00',NULL);
INSERT INTO attendances VALUES(123,'2026-03-10 00:00:00',62,NULL,NULL,NULL,NULL,'2026-03-10 10:33:00','2026-03-10 10:33:00','student','absent','2026-03-10 10:33:00',NULL,'manual',0,NULL,'2026-03-10 10:33:00',NULL);
INSERT INTO attendances VALUES(124,'2026-03-10 00:00:00',63,NULL,NULL,NULL,NULL,'2026-03-10 10:33:00','2026-03-10 10:33:00','student','absent','2026-03-10 10:33:00',NULL,'manual',0,NULL,'2026-03-10 10:33:00',NULL);
INSERT INTO attendances VALUES(125,'2026-03-10 00:00:00',64,NULL,NULL,NULL,NULL,'2026-03-10 10:33:00','2026-03-10 10:33:00','student','absent','2026-03-10 10:33:00',NULL,'manual',0,NULL,'2026-03-10 10:33:00',NULL);
INSERT INTO attendances VALUES(126,'2026-03-10 00:00:00',65,NULL,NULL,NULL,NULL,'2026-03-10 10:33:00','2026-03-10 10:33:00','student','absent','2026-03-10 10:33:00',NULL,'manual',0,NULL,'2026-03-10 10:33:00',NULL);
INSERT INTO attendances VALUES(127,'2026-03-10 00:00:00',66,NULL,NULL,NULL,NULL,'2026-03-10 10:33:00','2026-03-10 10:33:00','student','absent','2026-03-10 10:33:00',NULL,'manual',0,NULL,'2026-03-10 10:33:00',NULL);
INSERT INTO attendances VALUES(128,'2026-03-10 00:00:00',67,NULL,NULL,NULL,NULL,'2026-03-10 10:33:00','2026-03-10 10:33:00','student','absent','2026-03-10 10:33:00',NULL,'manual',0,NULL,'2026-03-10 10:33:00',NULL);
INSERT INTO attendances VALUES(129,'2026-03-10 00:00:00',68,NULL,NULL,NULL,NULL,'2026-03-10 10:33:00','2026-03-10 10:33:00','student','absent','2026-03-10 10:33:00',NULL,'manual',0,NULL,'2026-03-10 10:33:00',NULL);
INSERT INTO attendances VALUES(130,'2026-03-10 00:00:00',69,NULL,NULL,NULL,NULL,'2026-03-10 10:33:00','2026-03-10 10:33:00','student','absent','2026-03-10 10:33:00',NULL,'manual',0,NULL,'2026-03-10 10:33:00',NULL);
INSERT INTO attendances VALUES(131,'2026-03-10 00:00:00',70,NULL,NULL,NULL,NULL,'2026-03-10 10:33:00','2026-03-10 10:33:00','student','absent','2026-03-10 10:33:00',NULL,'manual',0,NULL,'2026-03-10 10:33:00',NULL);
INSERT INTO attendances VALUES(132,'2026-03-10 00:00:00',37,NULL,NULL,NULL,NULL,'2026-03-10 10:53:59','2026-03-10 10:53:59','student','present','2026-03-10 10:53:59',NULL,'manual',0,NULL,'2026-03-10 10:53:59',NULL);
INSERT INTO attendances VALUES(133,'2026-03-10 00:00:00',38,NULL,NULL,NULL,NULL,'2026-03-10 10:53:59','2026-03-10 11:52:56','student','absent','2026-03-10 10:53:59',NULL,'manual',0,NULL,'2026-03-10 10:53:59',NULL);
INSERT INTO attendances VALUES(134,'2026-03-10 00:00:00',39,NULL,NULL,NULL,NULL,'2026-03-10 10:53:59','2026-03-10 10:53:59','student','present','2026-03-10 10:53:59',NULL,'manual',0,NULL,'2026-03-10 10:53:59',NULL);
INSERT INTO attendances VALUES(135,'2026-03-10 00:00:00',40,NULL,NULL,NULL,NULL,'2026-03-10 10:53:59','2026-03-10 10:53:59','student','present','2026-03-10 10:53:59',NULL,'manual',0,NULL,'2026-03-10 10:53:59',NULL);
INSERT INTO attendances VALUES(136,'2026-03-10 00:00:00',41,NULL,NULL,NULL,NULL,'2026-03-10 10:53:59','2026-03-10 10:53:59','student','present','2026-03-10 10:53:59',NULL,'manual',0,NULL,'2026-03-10 10:53:59',NULL);
INSERT INTO attendances VALUES(137,'2026-03-10 00:00:00',42,NULL,NULL,NULL,NULL,'2026-03-10 10:53:59','2026-03-10 10:53:59','student','present','2026-03-10 10:53:59',NULL,'manual',0,NULL,'2026-03-10 10:53:59',NULL);
INSERT INTO attendances VALUES(138,'2026-03-10 00:00:00',43,NULL,NULL,NULL,NULL,'2026-03-10 10:53:59','2026-03-10 10:53:59','student','absent','2026-03-10 10:53:59',NULL,'manual',0,NULL,'2026-03-10 10:53:59',NULL);
INSERT INTO attendances VALUES(139,'2026-03-10 00:00:00',44,NULL,NULL,NULL,NULL,'2026-03-10 10:53:59','2026-03-10 10:53:59','student','absent','2026-03-10 10:53:59',NULL,'manual',0,NULL,'2026-03-10 10:53:59',NULL);
INSERT INTO attendances VALUES(140,'2026-03-10 00:00:00',45,NULL,NULL,NULL,NULL,'2026-03-10 10:53:59','2026-03-10 10:53:59','student','absent','2026-03-10 10:53:59',NULL,'manual',0,NULL,'2026-03-10 10:53:59',NULL);
INSERT INTO attendances VALUES(141,'2026-03-10 00:00:00',46,NULL,NULL,NULL,NULL,'2026-03-10 10:53:59','2026-03-10 10:53:59','student','absent','2026-03-10 10:53:59',NULL,'manual',0,NULL,'2026-03-10 10:53:59',NULL);
INSERT INTO attendances VALUES(142,'2026-03-10 00:00:00',47,NULL,NULL,NULL,NULL,'2026-03-10 10:53:59','2026-03-10 10:53:59','student','absent','2026-03-10 10:53:59',NULL,'manual',0,NULL,'2026-03-10 10:53:59',NULL);
INSERT INTO attendances VALUES(143,'2026-03-10 00:00:00',48,NULL,NULL,NULL,NULL,'2026-03-10 10:53:59','2026-03-10 10:53:59','student','absent','2026-03-10 10:53:59',NULL,'manual',0,NULL,'2026-03-10 10:53:59',NULL);
INSERT INTO attendances VALUES(144,'2026-03-10 00:00:00',49,NULL,NULL,NULL,NULL,'2026-03-10 10:53:59','2026-03-10 10:53:59','student','absent','2026-03-10 10:53:59',NULL,'manual',0,NULL,'2026-03-10 10:53:59',NULL);
INSERT INTO attendances VALUES(145,'2026-03-10 00:00:00',50,NULL,NULL,NULL,NULL,'2026-03-10 10:53:59','2026-03-10 10:53:59','student','absent','2026-03-10 10:53:59',NULL,'manual',0,NULL,'2026-03-10 10:53:59',NULL);
INSERT INTO attendances VALUES(146,'2026-03-10 00:00:00',51,NULL,NULL,NULL,NULL,'2026-03-10 10:53:59','2026-03-10 10:53:59','student','absent','2026-03-10 10:53:59',NULL,'manual',0,NULL,'2026-03-10 10:53:59',NULL);
INSERT INTO attendances VALUES(147,'2026-03-10 00:00:00',52,NULL,NULL,NULL,NULL,'2026-03-10 10:53:59','2026-03-10 10:53:59','student','absent','2026-03-10 10:53:59',NULL,'manual',0,NULL,'2026-03-10 10:53:59',NULL);
INSERT INTO attendances VALUES(148,'2026-03-10 00:00:00',53,NULL,NULL,NULL,NULL,'2026-03-10 10:53:59','2026-03-10 10:53:59','student','absent','2026-03-10 10:53:59',NULL,'manual',0,NULL,'2026-03-10 10:53:59',NULL);
INSERT INTO attendances VALUES(149,'2026-03-10 00:00:00',54,NULL,NULL,NULL,NULL,'2026-03-10 10:53:59','2026-03-10 10:53:59','student','absent','2026-03-10 10:53:59',NULL,'manual',0,NULL,'2026-03-10 10:53:59',NULL);
INSERT INTO attendances VALUES(150,'2026-03-10 00:00:00',55,NULL,NULL,NULL,NULL,'2026-03-10 10:53:59','2026-03-10 10:53:59','student','absent','2026-03-10 10:53:59',NULL,'manual',0,NULL,'2026-03-10 10:53:59',NULL);
INSERT INTO attendances VALUES(151,'2026-03-10 00:00:00',56,NULL,NULL,NULL,NULL,'2026-03-10 10:53:59','2026-03-10 10:53:59','student','absent','2026-03-10 10:53:59',NULL,'manual',0,NULL,'2026-03-10 10:53:59',NULL);
INSERT INTO attendances VALUES(152,'2026-03-10 00:00:00',57,NULL,NULL,NULL,NULL,'2026-03-10 10:53:59','2026-03-10 10:53:59','student','absent','2026-03-10 10:53:59',NULL,'manual',0,NULL,'2026-03-10 10:53:59',NULL);
INSERT INTO attendances VALUES(153,'2026-03-10 00:00:00',58,NULL,NULL,NULL,NULL,'2026-03-10 10:53:59','2026-03-10 10:53:59','student','absent','2026-03-10 10:53:59',NULL,'manual',0,NULL,'2026-03-10 10:53:59',NULL);
INSERT INTO attendances VALUES(154,'2026-03-10 00:00:00',59,NULL,NULL,NULL,NULL,'2026-03-10 10:53:59','2026-03-10 10:53:59','student','absent','2026-03-10 10:53:59',NULL,'manual',0,NULL,'2026-03-10 10:53:59',NULL);
INSERT INTO attendances VALUES(155,'2026-03-10 00:00:00',60,NULL,NULL,NULL,NULL,'2026-03-10 10:53:59','2026-03-10 10:53:59','student','absent','2026-03-10 10:53:59',NULL,'manual',0,NULL,'2026-03-10 10:53:59',NULL);
INSERT INTO attendances VALUES(156,'2026-03-10 00:00:00',61,NULL,NULL,NULL,NULL,'2026-03-10 10:53:59','2026-03-10 10:53:59','student','absent','2026-03-10 10:53:59',NULL,'manual',0,NULL,'2026-03-10 10:53:59',NULL);
INSERT INTO attendances VALUES(157,'2026-03-10 00:00:00',62,NULL,NULL,NULL,NULL,'2026-03-10 10:53:59','2026-03-10 10:53:59','student','absent','2026-03-10 10:53:59',NULL,'manual',0,NULL,'2026-03-10 10:53:59',NULL);
INSERT INTO attendances VALUES(158,'2026-03-10 00:00:00',63,NULL,NULL,NULL,NULL,'2026-03-10 10:53:59','2026-03-10 10:53:59','student','absent','2026-03-10 10:53:59',NULL,'manual',0,NULL,'2026-03-10 10:53:59',NULL);
INSERT INTO attendances VALUES(159,'2026-03-10 00:00:00',64,NULL,NULL,NULL,NULL,'2026-03-10 10:53:59','2026-03-10 10:53:59','student','absent','2026-03-10 10:53:59',NULL,'manual',0,NULL,'2026-03-10 10:53:59',NULL);
INSERT INTO attendances VALUES(160,'2026-03-10 00:00:00',65,NULL,NULL,NULL,NULL,'2026-03-10 10:53:59','2026-03-10 10:53:59','student','absent','2026-03-10 10:53:59',NULL,'manual',0,NULL,'2026-03-10 10:53:59',NULL);
INSERT INTO attendances VALUES(161,'2026-03-10 00:00:00',66,NULL,NULL,NULL,NULL,'2026-03-10 10:53:59','2026-03-10 10:53:59','student','absent','2026-03-10 10:53:59',NULL,'manual',0,NULL,'2026-03-10 10:53:59',NULL);
INSERT INTO attendances VALUES(162,'2026-03-10 00:00:00',67,NULL,NULL,NULL,NULL,'2026-03-10 10:53:59','2026-03-10 10:53:59','student','absent','2026-03-10 10:53:59',NULL,'manual',0,NULL,'2026-03-10 10:53:59',NULL);
INSERT INTO attendances VALUES(163,'2026-03-10 00:00:00',68,NULL,NULL,NULL,NULL,'2026-03-10 10:53:59','2026-03-10 10:53:59','student','absent','2026-03-10 10:53:59',NULL,'manual',0,NULL,'2026-03-10 10:53:59',NULL);
INSERT INTO attendances VALUES(164,'2026-03-10 00:00:00',69,NULL,NULL,NULL,NULL,'2026-03-10 10:53:59','2026-03-10 10:53:59','student','absent','2026-03-10 10:53:59',NULL,'manual',0,NULL,'2026-03-10 10:53:59',NULL);
INSERT INTO attendances VALUES(165,'2026-03-10 00:00:00',70,NULL,NULL,NULL,NULL,'2026-03-10 10:53:59','2026-03-10 10:53:59','student','absent','2026-03-10 10:53:59',NULL,'manual',0,NULL,'2026-03-10 10:53:59',NULL);
INSERT INTO attendances VALUES(166,'2026-03-10 11:52:01',NULL,56,22,NULL,NULL,'2026-03-10 11:52:01','2026-03-10 11:52:01','teacher','late','2026-03-10 11:52:01',NULL,'qrcode',0,NULL,'2026-03-10 11:52:01',NULL);
INSERT INTO attendances VALUES(167,'2026-03-10 00:00:00',37,NULL,NULL,NULL,NULL,'2026-03-10 12:39:07','2026-03-10 12:39:07','student','present','2026-03-10 12:39:07',NULL,'manual',0,NULL,'2026-03-10 12:39:07',NULL);
INSERT INTO attendances VALUES(168,'2026-03-10 00:00:00',38,NULL,NULL,NULL,NULL,'2026-03-10 12:39:07','2026-03-10 12:39:07','student','excused','2026-03-10 12:39:07',NULL,'manual',0,NULL,'2026-03-10 12:39:07',NULL);
INSERT INTO attendances VALUES(169,'2026-03-10 00:00:00',39,NULL,NULL,NULL,NULL,'2026-03-10 12:39:07','2026-03-10 12:39:07','student','present','2026-03-10 12:39:07',NULL,'manual',0,NULL,'2026-03-10 12:39:07',NULL);
INSERT INTO attendances VALUES(170,'2026-03-10 00:00:00',40,NULL,NULL,NULL,NULL,'2026-03-10 12:39:07','2026-03-10 12:39:07','student','present','2026-03-10 12:39:07',NULL,'manual',0,NULL,'2026-03-10 12:39:07',NULL);
INSERT INTO attendances VALUES(171,'2026-03-10 00:00:00',41,NULL,NULL,NULL,NULL,'2026-03-10 12:39:07','2026-03-10 12:39:07','student','sick','2026-03-10 12:39:07',NULL,'manual',0,NULL,'2026-03-10 12:39:07',NULL);
INSERT INTO attendances VALUES(172,'2026-03-10 00:00:00',42,NULL,NULL,NULL,NULL,'2026-03-10 12:39:07','2026-03-10 12:39:07','student','absent','2026-03-10 12:39:07',NULL,'manual',0,NULL,'2026-03-10 12:39:07',NULL);
INSERT INTO attendances VALUES(173,'2026-03-10 00:00:00',43,NULL,NULL,NULL,NULL,'2026-03-10 12:39:07','2026-03-10 12:39:07','student','absent','2026-03-10 12:39:07',NULL,'manual',0,NULL,'2026-03-10 12:39:07',NULL);
INSERT INTO attendances VALUES(174,'2026-03-10 00:00:00',44,NULL,NULL,NULL,NULL,'2026-03-10 12:39:07','2026-03-10 12:39:07','student','absent','2026-03-10 12:39:07',NULL,'manual',0,NULL,'2026-03-10 12:39:07',NULL);
INSERT INTO attendances VALUES(175,'2026-03-10 00:00:00',45,NULL,NULL,NULL,NULL,'2026-03-10 12:39:07','2026-03-10 12:39:07','student','absent','2026-03-10 12:39:07',NULL,'manual',0,NULL,'2026-03-10 12:39:07',NULL);
INSERT INTO attendances VALUES(176,'2026-03-10 00:00:00',46,NULL,NULL,NULL,NULL,'2026-03-10 12:39:07','2026-03-10 12:39:07','student','absent','2026-03-10 12:39:07',NULL,'manual',0,NULL,'2026-03-10 12:39:07',NULL);
INSERT INTO attendances VALUES(177,'2026-03-10 00:00:00',47,NULL,NULL,NULL,NULL,'2026-03-10 12:39:07','2026-03-10 12:39:07','student','absent','2026-03-10 12:39:07',NULL,'manual',0,NULL,'2026-03-10 12:39:07',NULL);
INSERT INTO attendances VALUES(178,'2026-03-10 00:00:00',48,NULL,NULL,NULL,NULL,'2026-03-10 12:39:07','2026-03-10 12:39:07','student','absent','2026-03-10 12:39:07',NULL,'manual',0,NULL,'2026-03-10 12:39:07',NULL);
INSERT INTO attendances VALUES(179,'2026-03-10 00:00:00',49,NULL,NULL,NULL,NULL,'2026-03-10 12:39:07','2026-03-10 12:39:07','student','absent','2026-03-10 12:39:07',NULL,'manual',0,NULL,'2026-03-10 12:39:07',NULL);
INSERT INTO attendances VALUES(180,'2026-03-10 00:00:00',50,NULL,NULL,NULL,NULL,'2026-03-10 12:39:07','2026-03-10 12:39:07','student','absent','2026-03-10 12:39:07',NULL,'manual',0,NULL,'2026-03-10 12:39:07',NULL);
INSERT INTO attendances VALUES(181,'2026-03-10 00:00:00',51,NULL,NULL,NULL,NULL,'2026-03-10 12:39:07','2026-03-10 12:39:07','student','absent','2026-03-10 12:39:07',NULL,'manual',0,NULL,'2026-03-10 12:39:07',NULL);
INSERT INTO attendances VALUES(182,'2026-03-10 00:00:00',52,NULL,NULL,NULL,NULL,'2026-03-10 12:39:07','2026-03-10 12:39:07','student','absent','2026-03-10 12:39:07',NULL,'manual',0,NULL,'2026-03-10 12:39:07',NULL);
INSERT INTO attendances VALUES(183,'2026-03-10 00:00:00',53,NULL,NULL,NULL,NULL,'2026-03-10 12:39:07','2026-03-10 12:39:07','student','absent','2026-03-10 12:39:07',NULL,'manual',0,NULL,'2026-03-10 12:39:07',NULL);
INSERT INTO attendances VALUES(184,'2026-03-10 00:00:00',54,NULL,NULL,NULL,NULL,'2026-03-10 12:39:07','2026-03-10 12:39:07','student','absent','2026-03-10 12:39:07',NULL,'manual',0,NULL,'2026-03-10 12:39:07',NULL);
INSERT INTO attendances VALUES(185,'2026-03-10 00:00:00',55,NULL,NULL,NULL,NULL,'2026-03-10 12:39:07','2026-03-10 12:39:07','student','absent','2026-03-10 12:39:07',NULL,'manual',0,NULL,'2026-03-10 12:39:07',NULL);
INSERT INTO attendances VALUES(186,'2026-03-10 00:00:00',56,NULL,NULL,NULL,NULL,'2026-03-10 12:39:07','2026-03-10 12:39:07','student','absent','2026-03-10 12:39:07',NULL,'manual',0,NULL,'2026-03-10 12:39:07',NULL);
INSERT INTO attendances VALUES(187,'2026-03-10 00:00:00',57,NULL,NULL,NULL,NULL,'2026-03-10 12:39:07','2026-03-10 12:39:07','student','absent','2026-03-10 12:39:07',NULL,'manual',0,NULL,'2026-03-10 12:39:07',NULL);
INSERT INTO attendances VALUES(188,'2026-03-10 00:00:00',58,NULL,NULL,NULL,NULL,'2026-03-10 12:39:07','2026-03-10 12:39:07','student','absent','2026-03-10 12:39:07',NULL,'manual',0,NULL,'2026-03-10 12:39:07',NULL);
INSERT INTO attendances VALUES(189,'2026-03-10 00:00:00',59,NULL,NULL,NULL,NULL,'2026-03-10 12:39:07','2026-03-10 12:39:07','student','absent','2026-03-10 12:39:07',NULL,'manual',0,NULL,'2026-03-10 12:39:07',NULL);
INSERT INTO attendances VALUES(190,'2026-03-10 00:00:00',60,NULL,NULL,NULL,NULL,'2026-03-10 12:39:07','2026-03-10 12:39:07','student','absent','2026-03-10 12:39:07',NULL,'manual',0,NULL,'2026-03-10 12:39:07',NULL);
INSERT INTO attendances VALUES(191,'2026-03-10 00:00:00',61,NULL,NULL,NULL,NULL,'2026-03-10 12:39:07','2026-03-10 12:39:07','student','absent','2026-03-10 12:39:07',NULL,'manual',0,NULL,'2026-03-10 12:39:07',NULL);
INSERT INTO attendances VALUES(192,'2026-03-10 00:00:00',62,NULL,NULL,NULL,NULL,'2026-03-10 12:39:07','2026-03-10 12:39:07','student','absent','2026-03-10 12:39:07',NULL,'manual',0,NULL,'2026-03-10 12:39:07',NULL);
INSERT INTO attendances VALUES(193,'2026-03-10 00:00:00',63,NULL,NULL,NULL,NULL,'2026-03-10 12:39:07','2026-03-10 12:39:07','student','absent','2026-03-10 12:39:07',NULL,'manual',0,NULL,'2026-03-10 12:39:07',NULL);
INSERT INTO attendances VALUES(194,'2026-03-10 00:00:00',64,NULL,NULL,NULL,NULL,'2026-03-10 12:39:07','2026-03-10 12:39:07','student','absent','2026-03-10 12:39:07',NULL,'manual',0,NULL,'2026-03-10 12:39:07',NULL);
INSERT INTO attendances VALUES(195,'2026-03-10 00:00:00',65,NULL,NULL,NULL,NULL,'2026-03-10 12:39:07','2026-03-10 12:39:07','student','absent','2026-03-10 12:39:07',NULL,'manual',0,NULL,'2026-03-10 12:39:07',NULL);
INSERT INTO attendances VALUES(196,'2026-03-10 00:00:00',66,NULL,NULL,NULL,NULL,'2026-03-10 12:39:07','2026-03-10 12:39:07','student','absent','2026-03-10 12:39:07',NULL,'manual',0,NULL,'2026-03-10 12:39:07',NULL);
INSERT INTO attendances VALUES(197,'2026-03-10 00:00:00',67,NULL,NULL,NULL,NULL,'2026-03-10 12:39:07','2026-03-10 12:39:07','student','absent','2026-03-10 12:39:07',NULL,'manual',0,NULL,'2026-03-10 12:39:07',NULL);
INSERT INTO attendances VALUES(198,'2026-03-10 00:00:00',68,NULL,NULL,NULL,NULL,'2026-03-10 12:39:07','2026-03-10 12:39:07','student','absent','2026-03-10 12:39:07',NULL,'manual',0,NULL,'2026-03-10 12:39:07',NULL);
INSERT INTO attendances VALUES(199,'2026-03-10 00:00:00',69,NULL,NULL,NULL,NULL,'2026-03-10 12:39:07','2026-03-10 12:39:07','student','absent','2026-03-10 12:39:07',NULL,'manual',0,NULL,'2026-03-10 12:39:07',NULL);
INSERT INTO attendances VALUES(200,'2026-03-10 00:00:00',70,NULL,NULL,NULL,NULL,'2026-03-10 12:39:07','2026-03-10 12:39:07','student','absent','2026-03-10 12:39:07',NULL,'manual',0,NULL,'2026-03-10 12:39:07',NULL);
INSERT INTO attendances VALUES(201,'2026-03-11 07:20:27',NULL,82,24,NULL,NULL,'2026-03-11 07:20:27','2026-03-12 07:47:42','teacher','present','2026-03-11 07:20:27',NULL,'manual',0,NULL,'2026-03-12 07:47:42',NULL);
INSERT INTO attendances VALUES(202,'2026-03-11 00:00:00',37,NULL,NULL,NULL,NULL,'2026-03-11 07:20:47','2026-03-11 07:20:47','student','present','2026-03-11 07:20:47',NULL,'manual_draft',1,'2026-03-11 07:20:47',NULL,'2026-03-11 07:20:47');
INSERT INTO attendances VALUES(203,'2026-03-11 00:00:00',38,NULL,NULL,NULL,NULL,'2026-03-11 07:20:47','2026-03-11 07:20:47','student','present','2026-03-11 07:20:47',NULL,'manual_draft',1,'2026-03-11 07:20:47',NULL,'2026-03-11 07:20:47');
INSERT INTO attendances VALUES(204,'2026-03-11 00:00:00',39,NULL,NULL,NULL,NULL,'2026-03-11 07:20:47','2026-03-11 07:20:47','student','present','2026-03-11 07:20:47',NULL,'manual_draft',1,'2026-03-11 07:20:47',NULL,'2026-03-11 07:20:47');
INSERT INTO attendances VALUES(205,'2026-03-11 00:00:00',40,NULL,NULL,NULL,NULL,'2026-03-11 07:20:47','2026-03-11 07:20:47','student','present','2026-03-11 07:20:47',NULL,'manual_draft',1,'2026-03-11 07:20:47',NULL,'2026-03-11 07:20:47');
INSERT INTO attendances VALUES(206,'2026-03-11 00:00:00',37,NULL,NULL,'test','attendance-attachments/1n3lkHW5FWGdnf9Rc0dFa0eX1AD9hLoICByuSyga.jpg','2026-03-11 07:20:53','2026-03-11 13:46:37','student','sick','2026-03-11 07:20:53',NULL,'manual',0,'2026-03-11 07:20:53','2026-03-11 13:46:37','2026-03-11 07:20:47');
INSERT INTO attendances VALUES(207,'2026-03-11 00:00:00',38,NULL,NULL,NULL,NULL,'2026-03-11 07:20:53','2026-03-11 07:20:53','student','present','2026-03-11 07:20:53',NULL,'manual_draft',1,'2026-03-11 07:20:53',NULL,'2026-03-11 07:20:47');
INSERT INTO attendances VALUES(208,'2026-03-11 00:00:00',39,NULL,NULL,NULL,NULL,'2026-03-11 07:20:53','2026-03-11 07:20:53','student','present','2026-03-11 07:20:53',NULL,'manual_draft',1,'2026-03-11 07:20:53',NULL,'2026-03-11 07:20:47');
INSERT INTO attendances VALUES(209,'2026-03-11 00:00:00',40,NULL,NULL,NULL,NULL,'2026-03-11 07:20:53','2026-03-11 07:20:53','student','present','2026-03-11 07:20:53',NULL,'manual_draft',1,'2026-03-11 07:20:53',NULL,'2026-03-11 07:20:47');
INSERT INTO attendances VALUES(210,'2026-03-11 00:00:00',37,NULL,NULL,NULL,NULL,'2026-03-11 07:21:39','2026-03-11 07:21:39','student','present','2026-03-11 07:21:39',NULL,'manual_draft',1,'2026-03-11 07:21:39',NULL,'2026-03-11 07:20:47');
INSERT INTO attendances VALUES(211,'2026-03-11 00:00:00',38,NULL,NULL,NULL,NULL,'2026-03-11 07:21:39','2026-03-11 07:21:39','student','present','2026-03-11 07:21:39',NULL,'manual_draft',1,'2026-03-11 07:21:39',NULL,'2026-03-11 07:20:47');
INSERT INTO attendances VALUES(212,'2026-03-11 00:00:00',39,NULL,NULL,NULL,NULL,'2026-03-11 07:21:39','2026-03-11 07:21:39','student','present','2026-03-11 07:21:39',NULL,'manual_draft',1,'2026-03-11 07:21:39',NULL,'2026-03-11 07:20:47');
INSERT INTO attendances VALUES(213,'2026-03-11 00:00:00',40,NULL,NULL,NULL,NULL,'2026-03-11 07:21:39','2026-03-11 07:21:39','student','present','2026-03-11 07:21:39',NULL,'manual_draft',1,'2026-03-11 07:21:39',NULL,'2026-03-11 07:20:47');
INSERT INTO attendances VALUES(214,'2026-03-11 00:00:00',41,NULL,NULL,NULL,NULL,'2026-03-11 07:21:39','2026-03-11 07:21:39','student','late','2026-03-11 07:21:39',NULL,'manual_draft',1,'2026-03-11 07:21:39',NULL,'2026-03-11 07:20:47');
INSERT INTO attendances VALUES(215,'2026-03-11 00:00:00',42,NULL,NULL,NULL,NULL,'2026-03-11 07:21:39','2026-03-11 07:21:39','student','late','2026-03-11 07:21:39',NULL,'manual_draft',1,'2026-03-11 07:21:39',NULL,'2026-03-11 07:20:47');
INSERT INTO attendances VALUES(216,'2026-03-11 00:00:00',37,NULL,NULL,NULL,NULL,'2026-03-11 07:21:42','2026-03-11 13:09:00','student','present','2026-03-11 07:21:42',NULL,'manual',0,'2026-03-11 07:21:42','2026-03-11 13:09:00','2026-03-11 07:20:47');
INSERT INTO attendances VALUES(217,'2026-03-11 00:00:00',38,NULL,NULL,NULL,NULL,'2026-03-11 07:21:42','2026-03-11 07:21:46','student','present','2026-03-11 07:21:42',NULL,'manual',0,'2026-03-11 07:21:42','2026-03-11 07:21:46','2026-03-11 07:20:47');
INSERT INTO attendances VALUES(218,'2026-03-11 00:00:00',39,NULL,NULL,NULL,NULL,'2026-03-11 07:21:42','2026-03-11 07:21:46','student','present','2026-03-11 07:21:42',NULL,'manual',0,'2026-03-11 07:21:42','2026-03-11 07:21:46','2026-03-11 07:20:47');
INSERT INTO attendances VALUES(219,'2026-03-11 00:00:00',40,NULL,NULL,NULL,NULL,'2026-03-11 07:21:42','2026-03-11 07:21:46','student','present','2026-03-11 07:21:42',NULL,'manual',0,'2026-03-11 07:21:42','2026-03-11 07:21:46','2026-03-11 07:20:47');
INSERT INTO attendances VALUES(220,'2026-03-11 00:00:00',41,NULL,NULL,NULL,NULL,'2026-03-11 07:21:42','2026-03-11 07:21:46','student','present','2026-03-11 07:21:42',NULL,'manual',0,'2026-03-11 07:21:42','2026-03-11 07:21:46','2026-03-11 07:20:47');
INSERT INTO attendances VALUES(221,'2026-03-11 00:00:00',42,NULL,NULL,NULL,NULL,'2026-03-11 07:21:42','2026-03-11 07:21:46','student','present','2026-03-11 07:21:42',NULL,'manual',0,'2026-03-11 07:21:42','2026-03-11 07:21:46','2026-03-11 07:20:47');
INSERT INTO attendances VALUES(222,'2026-03-11 00:00:00',43,NULL,NULL,'Tidak diisi saat finalisasi absensi manual',NULL,'2026-03-11 07:21:46','2026-03-11 07:21:46','student','absent','2026-03-11 07:21:46',NULL,'manual',0,NULL,'2026-03-11 07:21:46','2026-03-11 07:20:47');
INSERT INTO attendances VALUES(223,'2026-03-11 00:00:00',44,NULL,NULL,'Tidak diisi saat finalisasi absensi manual',NULL,'2026-03-11 07:21:46','2026-03-11 07:21:46','student','absent','2026-03-11 07:21:46',NULL,'manual',0,NULL,'2026-03-11 07:21:46','2026-03-11 07:20:47');
INSERT INTO attendances VALUES(224,'2026-03-11 00:00:00',45,NULL,NULL,'Tidak diisi saat finalisasi absensi manual',NULL,'2026-03-11 07:21:46','2026-03-11 07:21:46','student','absent','2026-03-11 07:21:46',NULL,'manual',0,NULL,'2026-03-11 07:21:46','2026-03-11 07:20:47');
INSERT INTO attendances VALUES(225,'2026-03-11 00:00:00',46,NULL,NULL,'Tidak diisi saat finalisasi absensi manual',NULL,'2026-03-11 07:21:46','2026-03-11 07:21:46','student','absent','2026-03-11 07:21:46',NULL,'manual',0,NULL,'2026-03-11 07:21:46','2026-03-11 07:20:47');
INSERT INTO attendances VALUES(226,'2026-03-11 00:00:00',47,NULL,NULL,'Tidak diisi saat finalisasi absensi manual',NULL,'2026-03-11 07:21:46','2026-03-11 07:21:46','student','absent','2026-03-11 07:21:46',NULL,'manual',0,NULL,'2026-03-11 07:21:46','2026-03-11 07:20:47');
INSERT INTO attendances VALUES(227,'2026-03-11 00:00:00',48,NULL,NULL,'Tidak diisi saat finalisasi absensi manual',NULL,'2026-03-11 07:21:46','2026-03-11 07:21:46','student','absent','2026-03-11 07:21:46',NULL,'manual',0,NULL,'2026-03-11 07:21:46','2026-03-11 07:20:47');
INSERT INTO attendances VALUES(228,'2026-03-11 00:00:00',49,NULL,NULL,'Tidak diisi saat finalisasi absensi manual',NULL,'2026-03-11 07:21:46','2026-03-11 07:21:46','student','absent','2026-03-11 07:21:46',NULL,'manual',0,NULL,'2026-03-11 07:21:46','2026-03-11 07:20:47');
INSERT INTO attendances VALUES(229,'2026-03-11 00:00:00',50,NULL,NULL,'Tidak diisi saat finalisasi absensi manual',NULL,'2026-03-11 07:21:46','2026-03-11 07:21:46','student','absent','2026-03-11 07:21:46',NULL,'manual',0,NULL,'2026-03-11 07:21:46','2026-03-11 07:20:47');
INSERT INTO attendances VALUES(230,'2026-03-11 00:00:00',51,NULL,NULL,'Tidak diisi saat finalisasi absensi manual',NULL,'2026-03-11 07:21:46','2026-03-11 07:21:46','student','absent','2026-03-11 07:21:46',NULL,'manual',0,NULL,'2026-03-11 07:21:46','2026-03-11 07:20:47');
INSERT INTO attendances VALUES(231,'2026-03-11 00:00:00',52,NULL,NULL,'Tidak diisi saat finalisasi absensi manual',NULL,'2026-03-11 07:21:46','2026-03-11 07:21:46','student','absent','2026-03-11 07:21:46',NULL,'manual',0,NULL,'2026-03-11 07:21:46','2026-03-11 07:20:47');
INSERT INTO attendances VALUES(232,'2026-03-11 00:00:00',53,NULL,NULL,'Tidak diisi saat finalisasi absensi manual',NULL,'2026-03-11 07:21:46','2026-03-11 07:21:46','student','absent','2026-03-11 07:21:46',NULL,'manual',0,NULL,'2026-03-11 07:21:46','2026-03-11 07:20:47');
INSERT INTO attendances VALUES(233,'2026-03-11 00:00:00',54,NULL,NULL,'Tidak diisi saat finalisasi absensi manual',NULL,'2026-03-11 07:21:46','2026-03-11 07:21:46','student','absent','2026-03-11 07:21:46',NULL,'manual',0,NULL,'2026-03-11 07:21:46','2026-03-11 07:20:47');
INSERT INTO attendances VALUES(234,'2026-03-11 00:00:00',55,NULL,NULL,'Tidak diisi saat finalisasi absensi manual',NULL,'2026-03-11 07:21:46','2026-03-11 07:21:46','student','absent','2026-03-11 07:21:46',NULL,'manual',0,NULL,'2026-03-11 07:21:46','2026-03-11 07:20:47');
INSERT INTO attendances VALUES(235,'2026-03-11 00:00:00',56,NULL,NULL,'Tidak diisi saat finalisasi absensi manual',NULL,'2026-03-11 07:21:46','2026-03-11 07:21:46','student','absent','2026-03-11 07:21:46',NULL,'manual',0,NULL,'2026-03-11 07:21:46','2026-03-11 07:20:47');
INSERT INTO attendances VALUES(236,'2026-03-11 00:00:00',57,NULL,NULL,'Tidak diisi saat finalisasi absensi manual',NULL,'2026-03-11 07:21:46','2026-03-11 07:21:46','student','absent','2026-03-11 07:21:46',NULL,'manual',0,NULL,'2026-03-11 07:21:46','2026-03-11 07:20:47');
INSERT INTO attendances VALUES(237,'2026-03-11 00:00:00',58,NULL,NULL,'Tidak diisi saat finalisasi absensi manual',NULL,'2026-03-11 07:21:46','2026-03-11 07:21:46','student','absent','2026-03-11 07:21:46',NULL,'manual',0,NULL,'2026-03-11 07:21:46','2026-03-11 07:20:47');
INSERT INTO attendances VALUES(238,'2026-03-11 00:00:00',59,NULL,NULL,'Tidak diisi saat finalisasi absensi manual',NULL,'2026-03-11 07:21:46','2026-03-11 07:21:46','student','absent','2026-03-11 07:21:46',NULL,'manual',0,NULL,'2026-03-11 07:21:46','2026-03-11 07:20:47');
INSERT INTO attendances VALUES(239,'2026-03-11 00:00:00',60,NULL,NULL,'Tidak diisi saat finalisasi absensi manual',NULL,'2026-03-11 07:21:46','2026-03-11 07:21:46','student','absent','2026-03-11 07:21:46',NULL,'manual',0,NULL,'2026-03-11 07:21:46','2026-03-11 07:20:47');
INSERT INTO attendances VALUES(240,'2026-03-11 00:00:00',61,NULL,NULL,'Tidak diisi saat finalisasi absensi manual',NULL,'2026-03-11 07:21:46','2026-03-11 07:21:46','student','absent','2026-03-11 07:21:46',NULL,'manual',0,NULL,'2026-03-11 07:21:46','2026-03-11 07:20:47');
INSERT INTO attendances VALUES(241,'2026-03-11 00:00:00',62,NULL,NULL,'Tidak diisi saat finalisasi absensi manual',NULL,'2026-03-11 07:21:46','2026-03-11 07:21:46','student','absent','2026-03-11 07:21:46',NULL,'manual',0,NULL,'2026-03-11 07:21:46','2026-03-11 07:20:47');
INSERT INTO attendances VALUES(242,'2026-03-11 00:00:00',63,NULL,NULL,'Tidak diisi saat finalisasi absensi manual',NULL,'2026-03-11 07:21:46','2026-03-11 07:21:46','student','absent','2026-03-11 07:21:46',NULL,'manual',0,NULL,'2026-03-11 07:21:46','2026-03-11 07:20:47');
INSERT INTO attendances VALUES(243,'2026-03-11 00:00:00',64,NULL,NULL,'Tidak diisi saat finalisasi absensi manual',NULL,'2026-03-11 07:21:46','2026-03-11 07:21:46','student','absent','2026-03-11 07:21:46',NULL,'manual',0,NULL,'2026-03-11 07:21:46','2026-03-11 07:20:47');
INSERT INTO attendances VALUES(244,'2026-03-11 00:00:00',65,NULL,NULL,'Tidak diisi saat finalisasi absensi manual',NULL,'2026-03-11 07:21:46','2026-03-11 07:21:46','student','absent','2026-03-11 07:21:46',NULL,'manual',0,NULL,'2026-03-11 07:21:46','2026-03-11 07:20:47');
INSERT INTO attendances VALUES(245,'2026-03-11 00:00:00',66,NULL,NULL,'Tidak diisi saat finalisasi absensi manual',NULL,'2026-03-11 07:21:46','2026-03-11 07:21:46','student','absent','2026-03-11 07:21:46',NULL,'manual',0,NULL,'2026-03-11 07:21:46','2026-03-11 07:20:47');
INSERT INTO attendances VALUES(246,'2026-03-11 00:00:00',67,NULL,NULL,'Tidak diisi saat finalisasi absensi manual',NULL,'2026-03-11 07:21:46','2026-03-11 07:21:46','student','absent','2026-03-11 07:21:46',NULL,'manual',0,NULL,'2026-03-11 07:21:46','2026-03-11 07:20:47');
INSERT INTO attendances VALUES(247,'2026-03-11 00:00:00',68,NULL,NULL,'Tidak diisi saat finalisasi absensi manual',NULL,'2026-03-11 07:21:46','2026-03-11 07:21:46','student','absent','2026-03-11 07:21:46',NULL,'manual',0,NULL,'2026-03-11 07:21:46','2026-03-11 07:20:47');
INSERT INTO attendances VALUES(248,'2026-03-11 00:00:00',69,NULL,NULL,'Tidak diisi saat finalisasi absensi manual',NULL,'2026-03-11 07:21:46','2026-03-11 07:21:46','student','absent','2026-03-11 07:21:46',NULL,'manual',0,NULL,'2026-03-11 07:21:46','2026-03-11 07:20:47');
INSERT INTO attendances VALUES(249,'2026-03-11 00:00:00',70,NULL,NULL,'Tidak diisi saat finalisasi absensi manual',NULL,'2026-03-11 07:21:46','2026-03-11 07:21:46','student','absent','2026-03-11 07:21:46',NULL,'manual',0,NULL,'2026-03-11 07:21:46','2026-03-11 07:20:47');
INSERT INTO attendances VALUES(250,'2026-03-11 07:50:20',NULL,46,25,NULL,NULL,'2026-03-11 07:50:20','2026-03-11 07:50:20','teacher','late','2026-03-11 07:50:20',NULL,'qrcode',0,NULL,'2026-03-11 07:50:20',NULL);
INSERT INTO attendances VALUES(251,'2026-03-11 00:00:00',40,NULL,NULL,NULL,NULL,'2026-03-11 07:50:38','2026-03-11 07:50:38','student','absent','2026-03-11 07:50:38',NULL,'manual_draft',1,'2026-03-11 07:50:38',NULL,'2026-03-11 07:50:38');
INSERT INTO attendances VALUES(252,'2026-03-11 00:00:00',41,NULL,NULL,NULL,NULL,'2026-03-11 07:50:38','2026-03-11 07:50:38','student','absent','2026-03-11 07:50:38',NULL,'manual_draft',1,'2026-03-11 07:50:38',NULL,'2026-03-11 07:50:38');
INSERT INTO attendances VALUES(253,'2026-03-11 00:00:00',40,NULL,NULL,NULL,NULL,'2026-03-11 07:50:49','2026-03-11 07:50:49','student','absent','2026-03-11 07:50:49',NULL,'manual_draft',1,'2026-03-11 07:50:49',NULL,'2026-03-11 07:50:38');
INSERT INTO attendances VALUES(254,'2026-03-11 00:00:00',41,NULL,NULL,NULL,NULL,'2026-03-11 07:50:49','2026-03-11 07:50:49','student','absent','2026-03-11 07:50:49',NULL,'manual_draft',1,'2026-03-11 07:50:49',NULL,'2026-03-11 07:50:38');
INSERT INTO attendances VALUES(255,'2026-03-11 00:00:00',40,NULL,NULL,NULL,NULL,'2026-03-11 07:50:59','2026-03-11 07:50:59','student','absent','2026-03-11 07:50:59',NULL,'manual_draft',1,'2026-03-11 07:50:59',NULL,'2026-03-11 07:50:38');
INSERT INTO attendances VALUES(256,'2026-03-11 00:00:00',41,NULL,NULL,NULL,NULL,'2026-03-11 07:50:59','2026-03-11 07:50:59','student','absent','2026-03-11 07:50:59',NULL,'manual_draft',1,'2026-03-11 07:50:59',NULL,'2026-03-11 07:50:38');
INSERT INTO attendances VALUES(257,'2026-03-11 00:00:00',45,NULL,NULL,NULL,NULL,'2026-03-11 09:51:21','2026-03-11 13:09:06','student','present','2026-03-11 00:00:00',NULL,'manual',0,NULL,'2026-03-11 13:09:06',NULL);
INSERT INTO attendances VALUES(258,'2026-03-11 00:00:00',45,NULL,NULL,'Izin testing','attendance-attachments/I6HXUzfYvAzKw3AUaJmZ87ldB2A6BpP2HgCqDj5m.jpg','2026-03-11 09:52:05','2026-03-11 13:09:24','student','sick','2026-03-11 00:00:00',NULL,'manual',0,NULL,'2026-03-11 13:09:24',NULL);
INSERT INTO attendances VALUES(259,'2026-03-11 00:00:00',45,NULL,NULL,'sakit',NULL,'2026-03-11 09:52:38','2026-03-11 09:52:38','student','excused','2026-03-11 00:00:00',NULL,'manual',0,NULL,'2026-03-11 00:00:00',NULL);
INSERT INTO attendances VALUES(260,'2026-03-11 10:56:38',NULL,46,26,NULL,NULL,'2026-03-11 10:56:38','2026-03-11 10:56:38','teacher','late','2026-03-11 10:56:38',NULL,'qrcode',0,NULL,'2026-03-11 10:56:38',NULL);
INSERT INTO attendances VALUES(261,'2026-03-11 00:00:00',37,NULL,NULL,NULL,NULL,'2026-03-11 10:57:08','2026-03-11 10:57:08','student','present','2026-03-11 10:57:08',NULL,'manual',0,NULL,'2026-03-11 10:57:08',NULL);
INSERT INTO attendances VALUES(262,'2026-03-11 00:00:00',38,NULL,NULL,NULL,NULL,'2026-03-11 10:57:08','2026-03-11 10:57:08','student','present','2026-03-11 10:57:08',NULL,'manual',0,NULL,'2026-03-11 10:57:08',NULL);
INSERT INTO attendances VALUES(263,'2026-03-11 00:00:00',39,NULL,NULL,NULL,NULL,'2026-03-11 10:57:08','2026-03-11 10:57:08','student','present','2026-03-11 10:57:08',NULL,'manual',0,NULL,'2026-03-11 10:57:08',NULL);
INSERT INTO attendances VALUES(264,'2026-03-11 00:00:00',40,NULL,NULL,NULL,NULL,'2026-03-11 10:57:08','2026-03-11 10:57:08','student','present','2026-03-11 10:57:08',NULL,'manual',0,NULL,'2026-03-11 10:57:08',NULL);
INSERT INTO attendances VALUES(265,'2026-03-11 00:00:00',43,NULL,NULL,'Ditetapkan ulang sebagai alfa','attendance-attachments/40jJdc1y10acKawb2OAvi234qfdFCtDJNGRGp4wO.jpg','2026-03-11 10:58:50','2026-03-11 13:09:03','student','absent','2026-03-11 00:00:00',NULL,'manual',0,NULL,'2026-03-11 13:09:03',NULL);
INSERT INTO attendances VALUES(266,'2026-03-11 00:00:00',47,NULL,NULL,'hai','attendance-attachments/23uXcTyGbwCtyhGGNSzEq0v7DK2elSKe7jT79Bix.jpg','2026-03-11 11:18:05','2026-03-11 11:18:06','student','excused','2026-03-11 00:00:00',NULL,'manual',0,NULL,'2026-03-11 11:18:06',NULL);
INSERT INTO attendances VALUES(267,'2026-03-11 00:00:00',49,NULL,NULL,'hai','attendance-attachments/Y2fQlUUzHc73l3yetCY5wtEvXurqFhwONoU9ir0u.jpg','2026-03-11 11:19:59','2026-03-11 11:20:07','student','excused','2026-03-11 00:00:00',NULL,'manual',0,NULL,'2026-03-11 11:20:07',NULL);
INSERT INTO attendances VALUES(268,'2026-03-11 00:00:00',51,NULL,NULL,'hai',NULL,'2026-03-11 12:01:45','2026-03-11 12:01:45','student','excused','2026-03-11 00:00:00',NULL,'manual',0,NULL,'2026-03-11 00:00:00',NULL);
INSERT INTO attendances VALUES(269,'2026-03-11 00:00:00',65,NULL,NULL,'hi',NULL,'2026-03-11 12:06:45','2026-03-11 12:06:45','student','excused','2026-03-11 00:00:00',NULL,'manual',0,NULL,'2026-03-11 00:00:00',NULL);
INSERT INTO attendances VALUES(270,'2026-03-11 00:00:00',52,NULL,NULL,'hai',NULL,'2026-03-11 12:10:56','2026-03-11 12:10:56','student','excused','2026-03-11 00:00:00',NULL,'manual',0,NULL,'2026-03-11 00:00:00',NULL);
INSERT INTO attendances VALUES(271,'2026-03-11 00:00:00',48,NULL,NULL,'hai',NULL,'2026-03-11 12:15:13','2026-03-11 12:15:13','student','excused','2026-03-11 00:00:00',NULL,'manual',0,NULL,'2026-03-11 00:00:00',NULL);
INSERT INTO attendances VALUES(272,'2026-03-11 00:00:00',66,NULL,NULL,'hai','attendance-attachments/DBHVnN2xqNudixZAmF1trpLzDK4mIgYo8Kszh4DW.jpg','2026-03-11 12:20:04','2026-03-11 12:20:06','student','excused','2026-03-11 00:00:00',NULL,'manual',0,NULL,'2026-03-11 12:20:06',NULL);
INSERT INTO attendances VALUES(273,'2026-03-12 00:00:00',37,NULL,NULL,'saki','attendance-attachments/39U469i0WPeAERp6HIGea9EJYVugR9Ol7hMWwKHC.jpg','2026-03-12 07:14:29','2026-03-12 07:40:30','student','sick','2026-03-12 00:00:00',NULL,'manual',0,NULL,'2026-03-12 07:40:30',NULL);
INSERT INTO attendances VALUES(274,'2026-03-12 07:15:53',NULL,24,27,NULL,NULL,'2026-03-12 07:15:53','2026-03-12 07:15:53','teacher','late','2026-03-12 07:15:53',NULL,'qrcode',0,NULL,'2026-03-12 07:15:53',NULL);
INSERT INTO attendances VALUES(275,'2026-03-12 00:00:00',37,NULL,NULL,'Ditetapkan ulang sebagai alfa',NULL,'2026-03-12 07:26:38','2026-03-12 12:10:58','student','absent','2026-03-12 07:26:38',NULL,'manual',0,NULL,'2026-03-12 12:10:58',NULL);
INSERT INTO attendances VALUES(276,'2026-03-12 00:00:00',38,NULL,NULL,NULL,NULL,'2026-03-12 07:26:38','2026-03-12 07:26:38','student','present','2026-03-12 07:26:38',NULL,'manual',0,NULL,'2026-03-12 07:26:38',NULL);
INSERT INTO attendances VALUES(277,'2026-03-12 00:00:00',37,NULL,NULL,'Ditetapkan ulang sebagai alfa',NULL,'2026-03-12 07:26:48','2026-03-12 12:57:50','student','absent','2026-03-12 07:26:48',NULL,'manual',0,NULL,'2026-03-12 12:57:50',NULL);
INSERT INTO attendances VALUES(278,'2026-03-12 00:00:00',38,NULL,NULL,NULL,NULL,'2026-03-12 07:26:48','2026-03-12 07:26:48','student','present','2026-03-12 07:26:48',NULL,'manual',0,NULL,'2026-03-12 07:26:48',NULL);
INSERT INTO attendances VALUES(279,'2026-03-12 00:00:00',39,NULL,NULL,NULL,NULL,'2026-03-12 07:26:48','2026-03-12 07:26:48','student','present','2026-03-12 07:26:48',NULL,'manual',0,NULL,'2026-03-12 07:26:48',NULL);
INSERT INTO attendances VALUES(280,'2026-03-12 00:00:00',40,NULL,NULL,NULL,NULL,'2026-03-12 07:26:48','2026-03-12 07:26:48','student','present','2026-03-12 07:26:48',NULL,'manual',0,NULL,'2026-03-12 07:26:48',NULL);
INSERT INTO attendances VALUES(281,'2026-03-12 00:00:00',41,NULL,NULL,NULL,NULL,'2026-03-12 07:26:48','2026-03-12 07:26:48','student','present','2026-03-12 07:26:48',NULL,'manual',0,NULL,'2026-03-12 07:26:48',NULL);
INSERT INTO attendances VALUES(282,'2026-03-12 00:00:00',42,NULL,NULL,NULL,NULL,'2026-03-12 07:26:48','2026-03-12 07:26:48','student','present','2026-03-12 07:26:48',NULL,'manual',0,NULL,'2026-03-12 07:26:48',NULL);
INSERT INTO attendances VALUES(283,'2026-03-12 00:00:00',43,NULL,NULL,NULL,NULL,'2026-03-12 07:26:48','2026-03-12 07:26:48','student','present','2026-03-12 07:26:48',NULL,'manual',0,NULL,'2026-03-12 07:26:48',NULL);
INSERT INTO attendances VALUES(284,'2026-03-12 00:00:00',37,NULL,NULL,NULL,NULL,'2026-03-12 07:27:08','2026-03-12 12:57:52','student','present','2026-03-12 07:27:08',NULL,'manual',0,NULL,'2026-03-12 12:57:52',NULL);
INSERT INTO attendances VALUES(285,'2026-03-12 00:00:00',38,NULL,NULL,NULL,NULL,'2026-03-12 07:27:08','2026-03-12 07:27:08','student','present','2026-03-12 07:27:08',NULL,'manual',0,NULL,'2026-03-12 07:27:08',NULL);
INSERT INTO attendances VALUES(286,'2026-03-12 00:00:00',39,NULL,NULL,NULL,NULL,'2026-03-12 07:27:08','2026-03-12 07:27:08','student','present','2026-03-12 07:27:08',NULL,'manual',0,NULL,'2026-03-12 07:27:08',NULL);
INSERT INTO attendances VALUES(287,'2026-03-12 00:00:00',40,NULL,NULL,NULL,NULL,'2026-03-12 07:27:08','2026-03-12 07:27:08','student','present','2026-03-12 07:27:08',NULL,'manual',0,NULL,'2026-03-12 07:27:08',NULL);
INSERT INTO attendances VALUES(288,'2026-03-12 00:00:00',41,NULL,NULL,NULL,NULL,'2026-03-12 07:27:08','2026-03-12 07:27:08','student','present','2026-03-12 07:27:08',NULL,'manual',0,NULL,'2026-03-12 07:27:08',NULL);
INSERT INTO attendances VALUES(289,'2026-03-12 00:00:00',42,NULL,NULL,NULL,NULL,'2026-03-12 07:27:08','2026-03-12 07:27:08','student','present','2026-03-12 07:27:08',NULL,'manual',0,NULL,'2026-03-12 07:27:08',NULL);
INSERT INTO attendances VALUES(290,'2026-03-12 00:00:00',43,NULL,NULL,NULL,NULL,'2026-03-12 07:27:08','2026-03-12 07:27:08','student','present','2026-03-12 07:27:08',NULL,'manual',0,NULL,'2026-03-12 07:27:08',NULL);
INSERT INTO attendances VALUES(291,'2026-03-12 00:00:00',44,NULL,NULL,NULL,'attendance-attachments/OvkW0af1p6RYZdMFihit8ctiMsIouR90V3vM5F6u.jpg','2026-03-12 07:27:08','2026-03-12 07:32:17','student','present','2026-03-12 07:27:08',NULL,'manual',0,NULL,'2026-03-12 07:32:17',NULL);
INSERT INTO attendances VALUES(292,'2026-03-12 00:00:00',45,NULL,NULL,NULL,NULL,'2026-03-12 07:27:08','2026-03-12 07:27:08','student','present','2026-03-12 07:27:08',NULL,'manual',0,NULL,'2026-03-12 07:27:08',NULL);
INSERT INTO attendances VALUES(293,'2026-03-12 00:00:00',46,NULL,NULL,NULL,NULL,'2026-03-12 07:27:08','2026-03-12 07:27:08','student','present','2026-03-12 07:27:08',NULL,'manual',0,NULL,'2026-03-12 07:27:08',NULL);
INSERT INTO attendances VALUES(294,'2026-03-12 00:00:00',47,NULL,NULL,NULL,NULL,'2026-03-12 07:27:08','2026-03-12 07:27:08','student','present','2026-03-12 07:27:08',NULL,'manual',0,NULL,'2026-03-12 07:27:08',NULL);
INSERT INTO attendances VALUES(295,'2026-03-12 00:00:00',48,NULL,NULL,NULL,NULL,'2026-03-12 07:27:08','2026-03-12 08:01:31','student','late','2026-03-12 07:27:08',NULL,'manual',0,NULL,'2026-03-12 08:01:31',NULL);
INSERT INTO attendances VALUES(296,'2026-03-12 00:00:00',49,NULL,NULL,NULL,NULL,'2026-03-12 07:27:08','2026-03-12 07:27:08','student','present','2026-03-12 07:27:08',NULL,'manual',0,NULL,'2026-03-12 07:27:08',NULL);
INSERT INTO attendances VALUES(297,'2026-03-12 00:00:00',50,NULL,NULL,NULL,NULL,'2026-03-12 07:27:08','2026-03-12 07:27:08','student','present','2026-03-12 07:27:08',NULL,'manual',0,NULL,'2026-03-12 07:27:08',NULL);
INSERT INTO attendances VALUES(298,'2026-03-12 00:00:00',51,NULL,NULL,NULL,NULL,'2026-03-12 07:27:08','2026-03-12 07:27:08','student','present','2026-03-12 07:27:08',NULL,'manual',0,NULL,'2026-03-12 07:27:08',NULL);
INSERT INTO attendances VALUES(299,'2026-03-12 00:00:00',52,NULL,NULL,NULL,NULL,'2026-03-12 07:27:08','2026-03-12 07:27:08','student','present','2026-03-12 07:27:08',NULL,'manual',0,NULL,'2026-03-12 07:27:08',NULL);
INSERT INTO attendances VALUES(300,'2026-03-12 00:00:00',53,NULL,NULL,NULL,NULL,'2026-03-12 07:27:08','2026-03-12 07:27:08','student','present','2026-03-12 07:27:08',NULL,'manual',0,NULL,'2026-03-12 07:27:08',NULL);
INSERT INTO attendances VALUES(301,'2026-03-12 00:00:00',54,NULL,NULL,NULL,NULL,'2026-03-12 07:27:08','2026-03-12 07:27:08','student','present','2026-03-12 07:27:08',NULL,'manual',0,NULL,'2026-03-12 07:27:08',NULL);
INSERT INTO attendances VALUES(302,'2026-03-12 00:00:00',37,NULL,NULL,NULL,NULL,'2026-03-12 07:38:04','2026-03-12 07:38:04','student','present','2026-03-12 07:38:04',NULL,'manual',0,NULL,'2026-03-12 07:38:04',NULL);
INSERT INTO attendances VALUES(303,'2026-03-12 00:00:00',38,NULL,NULL,NULL,NULL,'2026-03-12 07:38:04','2026-03-12 07:38:04','student','present','2026-03-12 07:38:04',NULL,'manual',0,NULL,'2026-03-12 07:38:04',NULL);
INSERT INTO attendances VALUES(304,'2026-03-12 00:00:00',39,NULL,NULL,NULL,NULL,'2026-03-12 07:38:04','2026-03-12 07:38:04','student','present','2026-03-12 07:38:04',NULL,'manual',0,NULL,'2026-03-12 07:38:04',NULL);
INSERT INTO attendances VALUES(305,'2026-03-12 00:00:00',40,NULL,NULL,NULL,NULL,'2026-03-12 07:38:04','2026-03-12 07:38:04','student','present','2026-03-12 07:38:04',NULL,'manual',0,NULL,'2026-03-12 07:38:04',NULL);
INSERT INTO attendances VALUES(306,'2026-03-12 00:00:00',41,NULL,NULL,NULL,NULL,'2026-03-12 07:38:04','2026-03-12 07:38:04','student','present','2026-03-12 07:38:04',NULL,'manual',0,NULL,'2026-03-12 07:38:04',NULL);
INSERT INTO attendances VALUES(307,'2026-03-12 00:00:00',42,NULL,NULL,NULL,NULL,'2026-03-12 07:38:04','2026-03-12 07:38:04','student','present','2026-03-12 07:38:04',NULL,'manual',0,NULL,'2026-03-12 07:38:04',NULL);
INSERT INTO attendances VALUES(308,'2026-03-12 00:00:00',43,NULL,NULL,NULL,NULL,'2026-03-12 07:38:04','2026-03-12 07:38:04','student','present','2026-03-12 07:38:04',NULL,'manual',0,NULL,'2026-03-12 07:38:04',NULL);
INSERT INTO attendances VALUES(309,'2026-03-12 00:00:00',44,NULL,NULL,NULL,NULL,'2026-03-12 07:38:04','2026-03-12 07:38:04','student','present','2026-03-12 07:38:04',NULL,'manual',0,NULL,'2026-03-12 07:38:04',NULL);
INSERT INTO attendances VALUES(310,'2026-03-12 00:00:00',45,NULL,NULL,NULL,NULL,'2026-03-12 07:38:04','2026-03-12 07:38:04','student','present','2026-03-12 07:38:04',NULL,'manual',0,NULL,'2026-03-12 07:38:04',NULL);
INSERT INTO attendances VALUES(311,'2026-03-12 00:00:00',46,NULL,NULL,NULL,NULL,'2026-03-12 07:38:04','2026-03-12 07:38:04','student','present','2026-03-12 07:38:04',NULL,'manual',0,NULL,'2026-03-12 07:38:04',NULL);
INSERT INTO attendances VALUES(312,'2026-03-12 00:00:00',47,NULL,NULL,NULL,NULL,'2026-03-12 07:38:04','2026-03-12 07:38:04','student','present','2026-03-12 07:38:04',NULL,'manual',0,NULL,'2026-03-12 07:38:04',NULL);
INSERT INTO attendances VALUES(313,'2026-03-12 00:00:00',48,NULL,NULL,NULL,NULL,'2026-03-12 07:38:04','2026-03-12 08:01:21','student','late','2026-03-12 07:38:04',NULL,'manual',0,NULL,'2026-03-12 08:01:21',NULL);
INSERT INTO attendances VALUES(314,'2026-03-12 00:00:00',49,NULL,NULL,NULL,NULL,'2026-03-12 07:38:04','2026-03-12 07:38:04','student','present','2026-03-12 07:38:04',NULL,'manual',0,NULL,'2026-03-12 07:38:04',NULL);
INSERT INTO attendances VALUES(315,'2026-03-12 00:00:00',50,NULL,NULL,NULL,NULL,'2026-03-12 07:38:04','2026-03-12 07:38:04','student','present','2026-03-12 07:38:04',NULL,'manual',0,NULL,'2026-03-12 07:38:04',NULL);
INSERT INTO attendances VALUES(316,'2026-03-12 00:00:00',51,NULL,NULL,NULL,NULL,'2026-03-12 07:38:04','2026-03-12 07:38:04','student','present','2026-03-12 07:38:04',NULL,'manual',0,NULL,'2026-03-12 07:38:04',NULL);
INSERT INTO attendances VALUES(317,'2026-03-12 00:00:00',52,NULL,NULL,NULL,NULL,'2026-03-12 07:38:04','2026-03-12 07:38:04','student','present','2026-03-12 07:38:04',NULL,'manual',0,NULL,'2026-03-12 07:38:04',NULL);
INSERT INTO attendances VALUES(318,'2026-03-12 00:00:00',53,NULL,NULL,NULL,NULL,'2026-03-12 07:38:04','2026-03-12 07:38:04','student','present','2026-03-12 07:38:04',NULL,'manual',0,NULL,'2026-03-12 07:38:04',NULL);
INSERT INTO attendances VALUES(319,'2026-03-12 00:00:00',54,NULL,NULL,NULL,NULL,'2026-03-12 07:38:04','2026-03-12 07:38:04','student','present','2026-03-12 07:38:04',NULL,'manual',0,NULL,'2026-03-12 07:38:04',NULL);
INSERT INTO attendances VALUES(320,'2026-03-12 00:00:00',55,NULL,NULL,NULL,NULL,'2026-03-12 07:38:04','2026-03-12 07:38:04','student','present','2026-03-12 07:38:04',NULL,'manual',0,NULL,'2026-03-12 07:38:04',NULL);
INSERT INTO attendances VALUES(321,'2026-03-12 00:00:00',56,NULL,NULL,NULL,NULL,'2026-03-12 07:38:04','2026-03-12 07:38:04','student','present','2026-03-12 07:38:04',NULL,'manual',0,NULL,'2026-03-12 07:38:04',NULL);
INSERT INTO attendances VALUES(322,'2026-03-12 00:00:00',57,NULL,NULL,NULL,NULL,'2026-03-12 07:38:04','2026-03-12 07:38:04','student','present','2026-03-12 07:38:04',NULL,'manual',0,NULL,'2026-03-12 07:38:04',NULL);
INSERT INTO attendances VALUES(323,'2026-03-12 00:00:00',58,NULL,NULL,NULL,NULL,'2026-03-12 07:38:04','2026-03-12 07:52:30','student','late','2026-03-12 07:38:04',NULL,'manual',0,NULL,'2026-03-12 07:52:30',NULL);
INSERT INTO attendances VALUES(324,'2026-03-12 00:00:00',59,NULL,NULL,NULL,NULL,'2026-03-12 07:38:04','2026-03-12 07:38:04','student','present','2026-03-12 07:38:04',NULL,'manual',0,NULL,'2026-03-12 07:38:04',NULL);
INSERT INTO attendances VALUES(325,'2026-03-12 00:00:00',60,NULL,NULL,NULL,NULL,'2026-03-12 07:38:04','2026-03-12 07:38:04','student','present','2026-03-12 07:38:04',NULL,'manual',0,NULL,'2026-03-12 07:38:04',NULL);
INSERT INTO attendances VALUES(326,'2026-03-12 00:00:00',65,NULL,NULL,'sakit','attendance-attachments/7zUdb8rPOxYYv23EFOJdnzGEuzFQ8ATckKGovUc0.jpg','2026-03-12 07:38:45','2026-03-12 07:38:47','student','sick','2026-03-12 00:00:00',NULL,'manual',0,NULL,'2026-03-12 07:38:47',NULL);
INSERT INTO attendances VALUES(327,'2026-03-12 00:00:00',65,NULL,NULL,'Ditetapkan ulang sebagai alfa','attendance-attachments/ot1oXIW7HP2z3FKdr5i5RCkUs9fRoB92lXwm9GUk.jpg','2026-03-12 07:45:20','2026-03-12 12:10:47','student','absent','2026-03-12 00:00:00',NULL,'manual',0,NULL,'2026-03-12 12:10:47',NULL);
INSERT INTO attendances VALUES(328,'2026-03-12 07:58:17',NULL,24,29,NULL,NULL,'2026-03-12 07:58:17','2026-03-12 07:58:17','teacher','late','2026-03-12 07:58:17',NULL,'qrcode',0,NULL,'2026-03-12 07:58:17',NULL);
INSERT INTO attendances VALUES(329,'2026-03-12 00:00:00',37,NULL,NULL,NULL,NULL,'2026-03-12 07:59:16','2026-03-12 07:59:16','student','present','2026-03-12 07:59:16',NULL,'manual',0,NULL,'2026-03-12 07:59:16',NULL);
INSERT INTO attendances VALUES(330,'2026-03-12 00:00:00',38,NULL,NULL,NULL,NULL,'2026-03-12 07:59:16','2026-03-12 07:59:16','student','present','2026-03-12 07:59:16',NULL,'manual',0,NULL,'2026-03-12 07:59:16',NULL);
INSERT INTO attendances VALUES(331,'2026-03-12 00:00:00',39,NULL,NULL,NULL,NULL,'2026-03-12 07:59:16','2026-03-12 07:59:16','student','present','2026-03-12 07:59:16',NULL,'manual',0,NULL,'2026-03-12 07:59:16',NULL);
INSERT INTO attendances VALUES(332,'2026-03-12 00:00:00',40,NULL,NULL,NULL,NULL,'2026-03-12 07:59:16','2026-03-12 07:59:16','student','present','2026-03-12 07:59:16',NULL,'manual',0,NULL,'2026-03-12 07:59:16',NULL);
INSERT INTO attendances VALUES(333,'2026-03-12 00:00:00',37,NULL,NULL,NULL,NULL,'2026-03-12 07:59:55','2026-03-12 07:59:55','student','present','2026-03-12 07:59:55',NULL,'manual',0,NULL,'2026-03-12 07:59:55',NULL);
INSERT INTO attendances VALUES(334,'2026-03-12 00:00:00',38,NULL,NULL,NULL,NULL,'2026-03-12 07:59:55','2026-03-12 07:59:55','student','present','2026-03-12 07:59:55',NULL,'manual',0,NULL,'2026-03-12 07:59:55',NULL);
INSERT INTO attendances VALUES(335,'2026-03-12 00:00:00',39,NULL,NULL,NULL,NULL,'2026-03-12 07:59:55','2026-03-12 07:59:55','student','present','2026-03-12 07:59:55',NULL,'manual',0,NULL,'2026-03-12 07:59:55',NULL);
INSERT INTO attendances VALUES(336,'2026-03-12 00:00:00',40,NULL,NULL,NULL,NULL,'2026-03-12 07:59:55','2026-03-12 07:59:55','student','present','2026-03-12 07:59:55',NULL,'manual',0,NULL,'2026-03-12 07:59:55',NULL);
INSERT INTO attendances VALUES(337,'2026-03-12 00:00:00',41,NULL,NULL,NULL,NULL,'2026-03-12 07:59:55','2026-03-12 07:59:55','student','present','2026-03-12 07:59:55',NULL,'manual',0,NULL,'2026-03-12 07:59:55',NULL);
INSERT INTO attendances VALUES(338,'2026-03-12 00:00:00',42,NULL,NULL,NULL,NULL,'2026-03-12 07:59:55','2026-03-12 08:01:10','student','late','2026-03-12 07:59:55',NULL,'manual',0,NULL,'2026-03-12 08:01:10',NULL);
INSERT INTO attendances VALUES(339,'2026-03-12 00:00:00',43,NULL,NULL,NULL,NULL,'2026-03-12 07:59:55','2026-03-12 07:59:55','student','present','2026-03-12 07:59:55',NULL,'manual',0,NULL,'2026-03-12 07:59:55',NULL);
INSERT INTO attendances VALUES(340,'2026-03-12 00:00:00',44,NULL,NULL,NULL,NULL,'2026-03-12 07:59:55','2026-03-12 07:59:55','student','present','2026-03-12 07:59:55',NULL,'manual',0,NULL,'2026-03-12 07:59:55',NULL);
INSERT INTO attendances VALUES(341,'2026-03-12 00:00:00',45,NULL,NULL,NULL,NULL,'2026-03-12 07:59:55','2026-03-12 08:01:16','student','late','2026-03-12 07:59:55',NULL,'manual',0,NULL,'2026-03-12 08:01:16',NULL);
INSERT INTO attendances VALUES(342,'2026-03-12 08:56:31',NULL,24,30,NULL,NULL,'2026-03-12 08:56:31','2026-03-12 08:56:31','teacher','late','2026-03-12 08:56:31',NULL,'qrcode',0,NULL,'2026-03-12 08:56:31',NULL);
INSERT INTO attendances VALUES(343,'2026-03-12 00:00:00',37,NULL,NULL,NULL,NULL,'2026-03-12 08:56:39','2026-03-12 08:56:39','student','present','2026-03-12 08:56:39',NULL,'manual',0,NULL,'2026-03-12 08:56:39',NULL);
INSERT INTO attendances VALUES(344,'2026-03-12 00:00:00',38,NULL,NULL,NULL,NULL,'2026-03-12 08:56:39','2026-03-12 08:56:39','student','present','2026-03-12 08:56:39',NULL,'manual',0,NULL,'2026-03-12 08:56:39',NULL);
INSERT INTO attendances VALUES(345,'2026-03-12 00:00:00',39,NULL,NULL,NULL,NULL,'2026-03-12 08:56:39','2026-03-12 08:56:39','student','present','2026-03-12 08:56:39',NULL,'manual',0,NULL,'2026-03-12 08:56:39',NULL);
INSERT INTO attendances VALUES(346,'2026-03-12 00:00:00',37,NULL,NULL,NULL,NULL,'2026-03-12 08:56:59','2026-03-12 08:56:59','student','present','2026-03-12 08:56:59',NULL,'manual',0,NULL,'2026-03-12 08:56:59',NULL);
INSERT INTO attendances VALUES(347,'2026-03-12 00:00:00',38,NULL,NULL,NULL,NULL,'2026-03-12 08:56:59','2026-03-12 08:56:59','student','present','2026-03-12 08:56:59',NULL,'manual',0,NULL,'2026-03-12 08:56:59',NULL);
INSERT INTO attendances VALUES(348,'2026-03-12 00:00:00',39,NULL,NULL,NULL,NULL,'2026-03-12 08:56:59','2026-03-12 08:56:59','student','present','2026-03-12 08:56:59',NULL,'manual',0,NULL,'2026-03-12 08:56:59',NULL);
INSERT INTO attendances VALUES(349,'2026-03-12 00:00:00',40,NULL,NULL,NULL,NULL,'2026-03-12 08:56:59','2026-03-12 08:56:59','student','present','2026-03-12 08:56:59',NULL,'manual',0,NULL,'2026-03-12 08:56:59',NULL);
INSERT INTO attendances VALUES(350,'2026-03-12 00:00:00',41,NULL,NULL,NULL,NULL,'2026-03-12 08:56:59','2026-03-12 08:56:59','student','present','2026-03-12 08:56:59',NULL,'manual',0,NULL,'2026-03-12 08:56:59',NULL);
INSERT INTO attendances VALUES(351,'2026-03-12 09:25:23',NULL,24,31,NULL,NULL,'2026-03-12 09:25:23','2026-03-12 09:25:23','teacher','late','2026-03-12 09:25:23',NULL,'qrcode',0,NULL,'2026-03-12 09:25:23',NULL);
INSERT INTO attendances VALUES(352,'2026-03-12 00:00:00',37,NULL,NULL,NULL,NULL,'2026-03-12 09:25:36','2026-03-12 09:25:36','student','present','2026-03-12 09:25:36',NULL,'manual',0,NULL,'2026-03-12 09:25:36',NULL);
INSERT INTO attendances VALUES(353,'2026-03-12 00:00:00',38,NULL,NULL,NULL,NULL,'2026-03-12 09:25:36','2026-03-12 09:25:36','student','present','2026-03-12 09:25:36',NULL,'manual',0,NULL,'2026-03-12 09:25:36',NULL);
INSERT INTO attendances VALUES(354,'2026-03-12 00:00:00',39,NULL,NULL,NULL,NULL,'2026-03-12 09:25:36','2026-03-12 09:25:36','student','present','2026-03-12 09:25:36',NULL,'manual',0,NULL,'2026-03-12 09:25:36',NULL);
INSERT INTO attendances VALUES(355,'2026-03-12 00:00:00',40,NULL,NULL,NULL,NULL,'2026-03-12 09:25:36','2026-03-12 09:25:36','student','present','2026-03-12 09:25:36',NULL,'manual',0,NULL,'2026-03-12 09:25:36',NULL);
INSERT INTO attendances VALUES(356,'2026-03-12 00:00:00',37,NULL,NULL,NULL,NULL,'2026-03-12 09:25:54','2026-03-12 09:25:54','student','present','2026-03-12 09:25:54',NULL,'manual',0,NULL,'2026-03-12 09:25:54',NULL);
INSERT INTO attendances VALUES(357,'2026-03-12 00:00:00',38,NULL,NULL,NULL,NULL,'2026-03-12 09:25:54','2026-03-12 09:25:54','student','present','2026-03-12 09:25:54',NULL,'manual',0,NULL,'2026-03-12 09:25:54',NULL);
INSERT INTO attendances VALUES(358,'2026-03-12 00:00:00',39,NULL,NULL,NULL,NULL,'2026-03-12 09:25:54','2026-03-12 09:25:54','student','present','2026-03-12 09:25:54',NULL,'manual',0,NULL,'2026-03-12 09:25:54',NULL);
INSERT INTO attendances VALUES(359,'2026-03-12 00:00:00',40,NULL,NULL,NULL,NULL,'2026-03-12 09:25:54','2026-03-12 09:25:54','student','present','2026-03-12 09:25:54',NULL,'manual',0,NULL,'2026-03-12 09:25:54',NULL);
INSERT INTO attendances VALUES(360,'2026-03-12 00:00:00',41,NULL,NULL,NULL,NULL,'2026-03-12 09:25:54','2026-03-12 09:25:54','student','present','2026-03-12 09:25:54',NULL,'manual',0,NULL,'2026-03-12 09:25:54',NULL);
INSERT INTO attendances VALUES(361,'2026-03-12 00:00:00',37,NULL,NULL,NULL,NULL,'2026-03-12 09:26:19','2026-03-12 09:26:19','student','present','2026-03-12 09:26:19',NULL,'manual',0,NULL,'2026-03-12 09:26:19',NULL);
INSERT INTO attendances VALUES(362,'2026-03-12 00:00:00',38,NULL,NULL,NULL,NULL,'2026-03-12 09:26:19','2026-03-12 09:26:19','student','present','2026-03-12 09:26:19',NULL,'manual',0,NULL,'2026-03-12 09:26:19',NULL);
INSERT INTO attendances VALUES(363,'2026-03-12 00:00:00',39,NULL,NULL,NULL,NULL,'2026-03-12 09:26:19','2026-03-12 09:26:19','student','present','2026-03-12 09:26:19',NULL,'manual',0,NULL,'2026-03-12 09:26:19',NULL);
INSERT INTO attendances VALUES(364,'2026-03-12 00:00:00',40,NULL,NULL,NULL,NULL,'2026-03-12 09:26:19','2026-03-12 09:26:19','student','present','2026-03-12 09:26:19',NULL,'manual',0,NULL,'2026-03-12 09:26:19',NULL);
INSERT INTO attendances VALUES(365,'2026-03-12 00:00:00',41,NULL,NULL,NULL,NULL,'2026-03-12 09:26:19','2026-03-12 09:26:19','student','present','2026-03-12 09:26:19',NULL,'manual',0,NULL,'2026-03-12 09:26:19',NULL);
INSERT INTO attendances VALUES(366,'2026-03-12 00:00:00',42,NULL,NULL,NULL,NULL,'2026-03-12 09:26:19','2026-03-12 09:26:19','student','present','2026-03-12 09:26:19',NULL,'manual',0,NULL,'2026-03-12 09:26:19',NULL);
INSERT INTO attendances VALUES(367,'2026-03-12 00:00:00',43,NULL,NULL,NULL,NULL,'2026-03-12 09:26:19','2026-03-12 09:26:19','student','present','2026-03-12 09:26:19',NULL,'manual',0,NULL,'2026-03-12 09:26:19',NULL);
INSERT INTO attendances VALUES(368,'2026-03-12 00:00:00',44,NULL,NULL,NULL,NULL,'2026-03-12 09:26:19','2026-03-12 09:26:19','student','present','2026-03-12 09:26:19',NULL,'manual',0,NULL,'2026-03-12 09:26:19',NULL);
INSERT INTO attendances VALUES(369,'2026-03-12 00:00:00',37,NULL,NULL,NULL,NULL,'2026-03-12 09:26:42','2026-03-12 09:26:42','student','present','2026-03-12 09:26:42',NULL,'manual',0,NULL,'2026-03-12 09:26:42',NULL);
INSERT INTO attendances VALUES(370,'2026-03-12 00:00:00',38,NULL,NULL,NULL,NULL,'2026-03-12 09:26:42','2026-03-12 09:26:42','student','present','2026-03-12 09:26:42',NULL,'manual',0,NULL,'2026-03-12 09:26:42',NULL);
INSERT INTO attendances VALUES(371,'2026-03-12 00:00:00',39,NULL,NULL,NULL,NULL,'2026-03-12 09:26:42','2026-03-12 09:26:42','student','present','2026-03-12 09:26:42',NULL,'manual',0,NULL,'2026-03-12 09:26:42',NULL);
INSERT INTO attendances VALUES(372,'2026-03-12 00:00:00',40,NULL,NULL,NULL,NULL,'2026-03-12 09:26:42','2026-03-12 09:26:42','student','present','2026-03-12 09:26:42',NULL,'manual',0,NULL,'2026-03-12 09:26:42',NULL);
INSERT INTO attendances VALUES(373,'2026-03-12 00:00:00',41,NULL,NULL,NULL,NULL,'2026-03-12 09:26:42','2026-03-12 09:26:42','student','present','2026-03-12 09:26:42',NULL,'manual',0,NULL,'2026-03-12 09:26:42',NULL);
INSERT INTO attendances VALUES(374,'2026-03-12 00:00:00',42,NULL,NULL,NULL,NULL,'2026-03-12 09:26:42','2026-03-12 09:26:42','student','present','2026-03-12 09:26:42',NULL,'manual',0,NULL,'2026-03-12 09:26:42',NULL);
INSERT INTO attendances VALUES(375,'2026-03-12 00:00:00',43,NULL,NULL,NULL,NULL,'2026-03-12 09:26:42','2026-03-12 09:26:42','student','present','2026-03-12 09:26:42',NULL,'manual',0,NULL,'2026-03-12 09:26:42',NULL);
INSERT INTO attendances VALUES(376,'2026-03-12 00:00:00',44,NULL,NULL,NULL,NULL,'2026-03-12 09:26:42','2026-03-12 09:26:42','student','present','2026-03-12 09:26:42',NULL,'manual',0,NULL,'2026-03-12 09:26:42',NULL);
INSERT INTO attendances VALUES(377,'2026-03-12 00:00:00',45,NULL,NULL,NULL,NULL,'2026-03-12 09:26:42','2026-03-12 09:26:42','student','present','2026-03-12 09:26:42',NULL,'manual',0,NULL,'2026-03-12 09:26:42',NULL);
INSERT INTO attendances VALUES(378,'2026-03-12 09:51:07',NULL,24,32,NULL,NULL,'2026-03-12 09:51:07','2026-03-12 09:51:07','teacher','late','2026-03-12 09:51:07',NULL,'qrcode',0,NULL,'2026-03-12 09:51:07',NULL);
INSERT INTO attendances VALUES(379,'2026-03-12 00:00:00',37,NULL,NULL,NULL,NULL,'2026-03-12 09:53:06','2026-03-12 09:53:06','student','present','2026-03-12 09:53:06',NULL,'manual',0,NULL,'2026-03-12 09:53:06',NULL);
INSERT INTO attendances VALUES(380,'2026-03-12 00:00:00',38,NULL,NULL,NULL,NULL,'2026-03-12 09:53:06','2026-03-12 09:53:06','student','present','2026-03-12 09:53:06',NULL,'manual',0,NULL,'2026-03-12 09:53:06',NULL);
INSERT INTO attendances VALUES(381,'2026-03-12 00:00:00',39,NULL,NULL,NULL,NULL,'2026-03-12 09:53:06','2026-03-12 09:53:06','student','present','2026-03-12 09:53:06',NULL,'manual',0,NULL,'2026-03-12 09:53:06',NULL);
INSERT INTO attendances VALUES(382,'2026-03-12 10:19:44',NULL,24,34,NULL,NULL,'2026-03-12 10:19:44','2026-03-12 10:19:44','teacher','late','2026-03-12 10:19:44',NULL,'qrcode',0,NULL,'2026-03-12 10:19:44',NULL);
INSERT INTO attendances VALUES(383,'2026-03-12 10:56:20',NULL,24,36,NULL,NULL,'2026-03-12 10:56:20','2026-03-12 10:56:20','teacher','late','2026-03-12 10:56:20',NULL,'qrcode',0,NULL,'2026-03-12 10:56:20',NULL);
INSERT INTO attendances VALUES(384,'2026-03-12 11:23:59',NULL,24,39,NULL,NULL,'2026-03-12 11:23:59','2026-03-12 11:23:59','teacher','late','2026-03-12 11:23:59',455,'qrcode',0,NULL,'2026-03-12 11:23:59',NULL);
INSERT INTO attendances VALUES(385,'2026-03-12 00:00:00',66,NULL,NULL,NULL,NULL,'2026-03-12 11:36:24','2026-03-12 11:42:46','student','present','2026-03-12 11:42:46',455,'manual',0,NULL,'2026-03-12 11:42:46','2026-03-12 11:36:24');
INSERT INTO attendances VALUES(386,'2026-03-12 00:00:00',67,NULL,NULL,'hi','attendance-attachments/pIdyiZvHMfjAskZK9nSBymAWXAem6nNbuFZgsf4m.png','2026-03-12 11:36:24','2026-03-12 11:42:46','student','sick','2026-03-12 11:42:46',455,'manual',0,NULL,'2026-03-12 11:42:46','2026-03-12 11:36:24');
INSERT INTO attendances VALUES(387,'2026-03-12 00:00:00',64,NULL,NULL,NULL,NULL,'2026-03-12 11:40:53','2026-03-12 11:42:46','student','present','2026-03-12 11:42:46',455,'manual',0,NULL,'2026-03-12 11:42:46','2026-03-12 11:36:24');
INSERT INTO attendances VALUES(388,'2026-03-12 00:00:00',62,NULL,NULL,'Terlambat: siswa baru diinput setelah sesi absensi dimulai',NULL,'2026-03-12 11:42:46','2026-03-12 11:42:46','student','late','2026-03-12 11:42:46',455,'manual',0,NULL,'2026-03-12 11:42:46','2026-03-12 11:36:24');
INSERT INTO attendances VALUES(389,'2026-03-12 00:00:00',63,NULL,NULL,'test','attendance-attachments/CzJqaXm1soZgdcDyDyT3Cbh4q3NPbm77u1NQqI15.jpg','2026-03-12 11:42:46','2026-03-12 11:42:48','student','excused','2026-03-12 11:42:46',455,'manual',0,NULL,'2026-03-12 11:42:48','2026-03-12 11:36:24');
CREATE TABLE IF NOT EXISTS "settings" ("id" integer primary key autoincrement not null, "key" varchar not null, "value" text, "type" varchar not null default 'string', "group" varchar not null default 'general', "description" text, "created_at" datetime, "updated_at" datetime);
INSERT INTO settings VALUES(1,'school_logo','settings/logo/logo_smk.png','string','general',NULL,'2026-03-04 10:36:33','2026-03-04 10:36:33');
INSERT INTO settings VALUES(2,'school_mascot','settings/mascot/inorasi2.png','string','general',NULL,'2026-03-04 10:36:33','2026-03-04 10:36:33');
INSERT INTO settings VALUES(3,'school_name','SMKN 2 SINGOSARI','string','general',NULL,'2026-03-04 10:39:30','2026-03-04 10:39:30');
INSERT INTO settings VALUES(4,'school_email','smkn2.singosari@yahoo.co.id','string','general',NULL,'2026-03-04 10:39:30','2026-03-04 10:39:30');
INSERT INTO settings VALUES(5,'school_phone','(0341) 458823','string','general',NULL,'2026-03-04 10:39:30','2026-03-04 10:39:30');
INSERT INTO settings VALUES(6,'school_address','Jl. Perusahaan No.20','string','general',NULL,'2026-03-04 10:39:30','2026-03-04 10:39:30');
INSERT INTO settings VALUES(7,'school_postal_code','65154','string','general',NULL,'2026-03-04 10:39:30','2026-03-04 10:39:30');
INSERT INTO settings VALUES(8,'school_npsn','20517748','string','general',NULL,'2026-03-04 10:39:30','2026-03-04 10:39:30');
INSERT INTO settings VALUES(9,'school_accreditation','A','string','general',NULL,'2026-03-04 10:39:30','2026-03-04 10:39:30');
INSERT INTO settings VALUES(10,'school_headmaster','SUMIJAH, S.Pd., M.Si','string','general',NULL,'2026-03-04 10:39:30','2026-03-04 10:39:30');
INSERT INTO settings VALUES(11,'school_headmaster_nip','97002101998022009','string','general',NULL,'2026-03-04 10:39:30','2026-03-04 10:39:30');
INSERT INTO settings VALUES(12,'school_type','SMK/SMA/MA','string','general',NULL,'2026-03-04 10:39:30','2026-03-04 10:39:30');
CREATE TABLE IF NOT EXISTS "student_leave_permissions" ("id" integer primary key autoincrement not null, "student_id" integer not null, "class_id" integer not null, "granted_by" integer not null, "schedule_id" integer, "type" varchar check ("type" in ('izin_pulang', 'dispensasi', 'sakit', 'izin')) not null default 'izin_pulang', "date" date not null, "start_time" time not null, "end_time" time, "reason" text, "attachment_path" varchar, "status" varchar check ("status" in ('active', 'returned', 'expired', 'cancelled')) not null default 'active', "returned_at" datetime, "returned_by" integer, "is_full_day" tinyint(1) not null default '0', "created_at" datetime, "updated_at" datetime, foreign key("student_id") references "student_profiles"("id") on delete cascade, foreign key("class_id") references "classes"("id") on delete cascade, foreign key("granted_by") references "users"("id") on delete cascade, foreign key("schedule_id") references "schedule_items"("id") on delete set null, foreign key("returned_by") references "users"("id") on delete set null);
INSERT INTO student_leave_permissions VALUES(1,37,6,55,NULL,'sakit','2026-03-04 00:00:00','07:00',NULL,'Simulasi perizinan pulang lebih awal.','leave-attachments/ul9OEvP2fX5pKiIFFVcfqGqVyKU5Vvfdu88b6xn4.png','active',NULL,NULL,1,'2026-03-04 06:05:05','2026-03-04 06:05:05');
INSERT INTO student_leave_permissions VALUES(2,37,6,55,NULL,'sakit','2026-03-04 00:00:00','07:00',NULL,'Simulasi perizinan pulang lebih awal.','leave-attachments/N1HxBbMt6EBy8WXxYI5HSIA30S3QbzFamyYEAtln.png','active',NULL,NULL,1,'2026-03-04 06:05:38','2026-03-04 06:05:38');
INSERT INTO student_leave_permissions VALUES(3,45,6,46,NULL,'dispensasi','2026-03-10 00:00:00','09:52','12:52','Halo',NULL,'active',NULL,NULL,0,'2026-03-10 08:52:12','2026-03-10 08:52:12');
INSERT INTO student_leave_permissions VALUES(4,43,6,46,NULL,'dispensasi','2026-03-10 00:00:00','10:34','11:34','halo?',NULL,'active',NULL,NULL,0,'2026-03-10 10:34:35','2026-03-10 10:34:35');
INSERT INTO student_leave_permissions VALUES(5,50,6,46,NULL,'dispensasi','2026-03-10 00:00:00','10:55','12:55','halo',NULL,'active',NULL,NULL,0,'2026-03-10 10:55:43','2026-03-10 10:55:43');
INSERT INTO student_leave_permissions VALUES(6,37,6,56,NULL,'dispensasi','2026-03-10 00:00:00','12:00','13:00','testing',NULL,'active',NULL,NULL,0,'2026-03-10 12:41:49','2026-03-10 12:41:49');
INSERT INTO student_leave_permissions VALUES(7,39,6,46,NULL,'dispensasi','2026-03-11 00:00:00','10:30','12:07','hai',NULL,'active',NULL,NULL,0,'2026-03-11 08:07:24','2026-03-11 08:07:24');
INSERT INTO student_leave_permissions VALUES(8,37,6,46,NULL,'dispensasi','2026-03-11 00:00:00','09:50','11:50','hai',NULL,'active',NULL,NULL,0,'2026-03-11 09:50:38','2026-03-11 09:50:38');
INSERT INTO student_leave_permissions VALUES(9,67,6,24,455,'sakit','2026-03-12 00:00:00','11:20',NULL,'hi',NULL,'active',NULL,NULL,1,'2026-03-12 11:36:24','2026-03-12 11:36:24');
INSERT INTO student_leave_permissions VALUES(10,67,6,24,455,'sakit','2026-03-12 00:00:00','11:20',NULL,'hi',NULL,'active',NULL,NULL,1,'2026-03-12 11:40:53','2026-03-12 11:40:53');
INSERT INTO student_leave_permissions VALUES(11,63,6,24,455,'izin','2026-03-12 00:00:00','11:20',NULL,'test',NULL,'active',NULL,NULL,1,'2026-03-12 11:42:46','2026-03-12 11:42:46');
INSERT INTO student_leave_permissions VALUES(12,67,6,24,455,'sakit','2026-03-12 00:00:00','11:20',NULL,'hi',NULL,'active',NULL,NULL,1,'2026-03-12 11:42:46','2026-03-12 11:42:46');
CREATE TABLE IF NOT EXISTS "classes" ("id" integer primary key autoincrement not null, "grade" varchar not null, "label" varchar not null, "created_at" datetime, "updated_at" datetime, "major_id" integer, "schedule_image_path" varchar, "homeroom_teacher_id" integer, foreign key("major_id") references majors("id") on delete set null on update no action, foreign key("homeroom_teacher_id") references "teacher_profiles"("id") on delete set null);
INSERT INTO classes VALUES(1,'10','RPL 1','2026-03-03 05:00:02','2026-03-03 05:00:02',1,NULL,NULL);
INSERT INTO classes VALUES(2,'10','RPL 2','2026-03-03 05:00:02','2026-03-03 05:00:02',1,NULL,NULL);
INSERT INTO classes VALUES(3,'11','RPL 1','2026-03-03 05:00:02','2026-03-03 05:00:02',1,NULL,NULL);
INSERT INTO classes VALUES(4,'11','RPL 2','2026-03-03 05:00:02','2026-03-03 05:00:02',1,NULL,NULL);
INSERT INTO classes VALUES(5,'12','RPL 1','2026-03-03 05:00:02','2026-03-03 05:00:02',1,NULL,NULL);
INSERT INTO classes VALUES(6,'12','RPL 2','2026-03-04 10:00:32','2026-03-04 10:00:32',1,NULL,NULL);
INSERT INTO classes VALUES(7,'10','TMT 1','2026-03-03 05:00:02','2026-03-03 05:00:02',2,NULL,NULL);
INSERT INTO classes VALUES(8,'10','TMT 2','2026-03-03 05:00:02','2026-03-03 05:00:02',2,NULL,NULL);
INSERT INTO classes VALUES(9,'11','TMT 1','2026-03-03 05:00:02','2026-03-03 05:00:02',2,NULL,NULL);
INSERT INTO classes VALUES(10,'11','TMT 2','2026-03-03 05:00:02','2026-03-03 05:00:02',2,NULL,NULL);
INSERT INTO classes VALUES(11,'12','TMT 1','2026-03-03 05:00:02','2026-03-03 05:00:02',2,NULL,NULL);
INSERT INTO classes VALUES(12,'12','TMT 2','2026-03-03 05:00:02','2026-03-03 05:00:02',2,NULL,NULL);
INSERT INTO classes VALUES(13,'10','AN 1','2026-03-03 05:00:02','2026-03-03 05:00:02',3,NULL,NULL);
INSERT INTO classes VALUES(14,'10','AN 2','2026-03-03 05:00:02','2026-03-03 05:00:02',3,NULL,NULL);
INSERT INTO classes VALUES(15,'11','AN 1','2026-03-03 05:00:02','2026-03-03 05:00:02',3,NULL,NULL);
INSERT INTO classes VALUES(16,'11','AN 2','2026-03-03 05:00:02','2026-03-03 05:00:02',3,NULL,NULL);
INSERT INTO classes VALUES(17,'12','AN 1','2026-03-03 05:00:02','2026-03-03 05:00:02',3,NULL,NULL);
INSERT INTO classes VALUES(18,'12','AN 2','2026-03-03 05:00:02','2026-03-03 05:00:02',3,NULL,NULL);
INSERT INTO classes VALUES(19,'10','BC 1','2026-03-03 05:00:02','2026-03-03 05:00:02',4,NULL,NULL);
INSERT INTO classes VALUES(20,'10','BC 2','2026-03-03 05:00:02','2026-03-03 05:00:02',4,NULL,NULL);
INSERT INTO classes VALUES(21,'11','BC 1','2026-03-03 05:00:02','2026-03-03 05:00:02',4,NULL,NULL);
INSERT INTO classes VALUES(22,'11','BC 2','2026-03-03 05:00:02','2026-03-03 05:00:02',4,NULL,NULL);
INSERT INTO classes VALUES(23,'12','BC 1','2026-03-03 05:00:02','2026-03-03 05:00:02',4,NULL,NULL);
INSERT INTO classes VALUES(24,'12','BC 2','2026-03-03 05:00:02','2026-03-03 05:00:02',4,NULL,NULL);
INSERT INTO classes VALUES(25,'10','TEI 1','2026-03-03 05:00:03','2026-03-03 05:00:03',5,NULL,NULL);
INSERT INTO classes VALUES(26,'10','TEI 2','2026-03-03 05:00:03','2026-03-03 05:00:03',5,NULL,NULL);
INSERT INTO classes VALUES(27,'11','TEI 1','2026-03-03 05:00:03','2026-03-03 05:00:03',5,NULL,NULL);
INSERT INTO classes VALUES(28,'11','TEI 2','2026-03-03 05:00:03','2026-03-03 05:00:03',5,NULL,NULL);
INSERT INTO classes VALUES(29,'12','TEI 1','2026-03-03 05:00:03','2026-03-03 05:00:03',5,NULL,NULL);
INSERT INTO classes VALUES(30,'12','TEI 2','2026-03-03 05:00:03','2026-03-03 05:00:03',5,NULL,NULL);
INSERT INTO classes VALUES(31,'10','TKJ 1','2026-03-03 05:00:03','2026-03-03 05:00:03',6,NULL,NULL);
INSERT INTO classes VALUES(32,'10','TKJ 2','2026-03-03 05:00:03','2026-03-03 05:00:03',6,NULL,NULL);
INSERT INTO classes VALUES(33,'11','TKJ 1','2026-03-03 05:00:03','2026-03-03 05:00:03',6,NULL,NULL);
INSERT INTO classes VALUES(34,'11','TKJ 2','2026-03-03 05:00:03','2026-03-03 05:00:03',6,NULL,NULL);
INSERT INTO classes VALUES(35,'12','TKJ 1','2026-03-03 05:00:03','2026-03-03 05:00:03',6,NULL,NULL);
INSERT INTO classes VALUES(36,'12','TKJ 2','2026-03-03 05:00:03','2026-03-03 05:00:03',6,NULL,NULL);
INSERT INTO classes VALUES(37,'10','TAV 1','2026-03-03 05:00:03','2026-03-03 05:00:03',7,NULL,NULL);
INSERT INTO classes VALUES(38,'10','TAV 2','2026-03-03 05:00:03','2026-03-03 05:00:03',7,NULL,NULL);
INSERT INTO classes VALUES(39,'11','TAV 1','2026-03-03 05:00:03','2026-03-03 05:00:03',7,NULL,NULL);
INSERT INTO classes VALUES(40,'11','TAV 2','2026-03-03 05:00:03','2026-03-03 05:00:03',7,NULL,NULL);
INSERT INTO classes VALUES(41,'12','TAV 1','2026-03-03 05:00:03','2026-03-03 05:00:03',7,NULL,NULL);
INSERT INTO classes VALUES(42,'12','TAV 2','2026-03-03 05:00:03','2026-03-03 05:00:03',7,NULL,NULL);
INSERT INTO classes VALUES(43,'10','DKV 1','2026-03-03 05:00:03','2026-03-03 05:00:03',8,NULL,NULL);
INSERT INTO classes VALUES(44,'10','DKV 2','2026-03-03 05:00:03','2026-03-03 05:00:03',8,NULL,NULL);
INSERT INTO classes VALUES(45,'11','DKV 1','2026-03-03 05:00:03','2026-03-03 05:00:03',8,NULL,NULL);
INSERT INTO classes VALUES(46,'11','DKV 2','2026-03-03 05:00:03','2026-03-03 05:00:03',8,NULL,NULL);
INSERT INTO classes VALUES(47,'12','DKV 1','2026-03-03 05:00:03','2026-03-03 05:00:03',8,NULL,NULL);
INSERT INTO classes VALUES(48,'12','DKV 2','2026-03-03 05:00:03','2026-03-04 11:07:19',8,'schedules/classes/evzben0x5SnEow3jiQjiXt3bMCtxEseSMLkNzxkc.jpg',NULL);
CREATE TABLE IF NOT EXISTS "teacher_profiles" ("id" integer primary key autoincrement not null, "user_id" integer not null, "nip" varchar not null, "created_at" datetime, "updated_at" datetime, "homeroom_class_id" integer, "subject" text, "schedule_image_path" varchar, "jabatan" text, "bidang" varchar, "konsentrasi_keahlian" varchar, "kode_guru" varchar, foreign key("homeroom_class_id") references classes("id") on delete set null on update no action, foreign key("user_id") references users("id") on delete cascade on update no action);
INSERT INTO teacher_profiles VALUES(1,1,'NIP-0001','2026-03-03 05:00:03','2026-03-03 05:00:48',9,NULL,NULL,'"Wali Kelas"',NULL,NULL,'ANW001');
INSERT INTO teacher_profiles VALUES(2,2,'NIP-0002','2026-03-03 05:00:03','2026-03-03 05:00:48',1,NULL,NULL,'"Wali Kelas"',NULL,NULL,'ZUL002');
INSERT INTO teacher_profiles VALUES(3,3,'NIP-0003','2026-03-03 05:00:04','2026-03-03 05:00:48',41,NULL,NULL,'"Wali Kelas"',NULL,NULL,'MOH003');
INSERT INTO teacher_profiles VALUES(4,4,'NIP-0004','2026-03-03 05:00:04','2026-03-03 05:00:48',31,NULL,NULL,'"Wali Kelas"',NULL,NULL,'WIW004');
INSERT INTO teacher_profiles VALUES(5,5,'NIP-0005','2026-03-03 05:00:04','2026-03-03 05:00:48',8,NULL,NULL,'"Wali Kelas"',NULL,NULL,'DRS005');
INSERT INTO teacher_profiles VALUES(6,6,'NIP-0006','2026-03-03 05:00:04','2026-03-12 06:47:41',29,NULL,NULL,'Wali Kelas',NULL,NULL,'JEF006');
INSERT INTO teacher_profiles VALUES(7,7,'NIP-0007','2026-03-03 05:00:05','2026-03-03 05:00:48',NULL,NULL,NULL,'"Kapro BC"',NULL,'Produksi dan Siaran Program Televisi','POH007');
INSERT INTO teacher_profiles VALUES(8,8,'NIP-0008','2026-03-03 05:00:05','2026-03-03 05:00:05',NULL,NULL,NULL,'"Guru"',NULL,NULL,'RIZ008');
INSERT INTO teacher_profiles VALUES(9,9,'NIP-0009','2026-03-03 05:00:05','2026-03-06 14:55:40',NULL,NULL,NULL,'["Waka Kesiswaan"]',NULL,NULL,'ZUL009');
INSERT INTO teacher_profiles VALUES(10,10,'NIP-0010','2026-03-03 05:00:06','2026-03-03 05:00:48',47,NULL,NULL,'"Wali Kelas"',NULL,NULL,'KRI010');
INSERT INTO teacher_profiles VALUES(11,11,'NIP-0011','2026-03-03 05:00:06','2026-03-03 05:00:48',43,NULL,NULL,'"Wali Kelas"',NULL,NULL,'DEB011');
INSERT INTO teacher_profiles VALUES(12,12,'NIP-0012','2026-03-03 05:00:06','2026-03-03 05:00:48',15,NULL,NULL,'"Wali Kelas"',NULL,NULL,'SAM012');
INSERT INTO teacher_profiles VALUES(13,13,'NIP-0013','2026-03-03 05:00:06','2026-03-03 05:00:48',26,NULL,NULL,'"Wali Kelas"',NULL,NULL,'AGU013');
INSERT INTO teacher_profiles VALUES(14,14,'NIP-0014','2026-03-03 05:00:07','2026-03-03 05:00:48',34,NULL,NULL,'"Wali Kelas"',NULL,NULL,'HER014');
INSERT INTO teacher_profiles VALUES(15,15,'NIP-0015','2026-03-03 05:00:07','2026-03-03 05:00:07',NULL,NULL,NULL,'"Guru"',NULL,NULL,'SIT015');
INSERT INTO teacher_profiles VALUES(16,16,'NIP-0016','2026-03-03 05:00:07','2026-03-03 05:00:48',NULL,NULL,NULL,'"Kapro AN"',NULL,'Animasi','GAY016');
INSERT INTO teacher_profiles VALUES(17,17,'NIP-0017','2026-03-03 05:00:08','2026-03-03 05:00:48',13,NULL,NULL,'"Wali Kelas"',NULL,NULL,'NOV017');
INSERT INTO teacher_profiles VALUES(18,18,'NIP-0018','2026-03-03 05:00:08','2026-03-03 05:00:08',NULL,NULL,NULL,'"Guru"',NULL,NULL,'IVA018');
INSERT INTO teacher_profiles VALUES(19,19,'NIP-0019','2026-03-03 05:00:09','2026-03-03 05:00:48',21,NULL,NULL,'"Wali Kelas"',NULL,NULL,'ISR019');
INSERT INTO teacher_profiles VALUES(20,20,'NIP-0020','2026-03-03 05:00:09','2026-03-03 05:00:48',NULL,NULL,NULL,'"Kapro TKJ"',NULL,'Teknik Komputer dan Jaringan','ROU020');
INSERT INTO teacher_profiles VALUES(21,21,'NIP-0021','2026-03-03 05:00:10','2026-03-03 05:00:48',2,NULL,NULL,'"Wali Kelas"',NULL,NULL,'AAN021');
INSERT INTO teacher_profiles VALUES(22,22,'NIP-0022','2026-03-03 05:00:11','2026-03-03 05:00:11',NULL,NULL,NULL,'"Guru"',NULL,NULL,'BAM022');
INSERT INTO teacher_profiles VALUES(23,23,'NIP-0023','2026-03-03 05:00:11','2026-03-03 05:00:48',3,NULL,NULL,'"Wali Kelas"',NULL,NULL,'ANJ023');
INSERT INTO teacher_profiles VALUES(24,24,'NIP-0024','2026-03-03 05:00:12','2026-03-12 06:48:08',6,NULL,NULL,'Wali Kelas',NULL,NULL,'EWI024');
INSERT INTO teacher_profiles VALUES(25,25,'NIP-0025','2026-03-03 05:00:12','2026-03-03 05:00:12',NULL,NULL,NULL,'"Guru"',NULL,NULL,'MOK025');
INSERT INTO teacher_profiles VALUES(26,26,'NIP-0026','2026-03-03 05:00:12','2026-03-03 05:00:48',18,NULL,NULL,'"Wali Kelas"',NULL,NULL,'DYA026');
INSERT INTO teacher_profiles VALUES(27,27,'NIP-0027','2026-03-03 05:00:13','2026-03-03 05:00:13',NULL,NULL,NULL,'"Guru"',NULL,NULL,'SOF027');
INSERT INTO teacher_profiles VALUES(28,28,'NIP-0028','2026-03-03 05:00:13','2026-03-03 05:00:13',NULL,NULL,NULL,'"Guru"',NULL,NULL,'FEB028');
INSERT INTO teacher_profiles VALUES(29,29,'NIP-0029','2026-03-03 05:00:13','2026-03-03 05:00:13',NULL,NULL,NULL,'"Guru"',NULL,NULL,'FAU029');
INSERT INTO teacher_profiles VALUES(30,30,'NIP-0030','2026-03-03 05:00:14','2026-03-03 05:00:48',5,NULL,NULL,'"Wali Kelas"',NULL,NULL,'FAL030');
INSERT INTO teacher_profiles VALUES(31,31,'NIP-0031','2026-03-03 05:00:14','2026-03-03 05:00:48',NULL,NULL,NULL,'"Kapro RPL"',NULL,'Rekayasa Perangkat Lunak','DRS031');
INSERT INTO teacher_profiles VALUES(32,32,'NIP-0032','2026-03-03 05:00:14','2026-03-03 05:00:48',10,NULL,NULL,'"Wali Kelas"',NULL,NULL,'YOK032');
INSERT INTO teacher_profiles VALUES(33,33,'NIP-0033','2026-03-03 05:00:14','2026-03-03 05:00:48',NULL,NULL,NULL,'"Kapro TAV"',NULL,'Teknik Audio Video','DIM033');
INSERT INTO teacher_profiles VALUES(34,34,'NIP-0034','2026-03-03 05:00:15','2026-03-03 05:00:15',NULL,NULL,NULL,'"Guru"',NULL,NULL,'WAR034');
INSERT INTO teacher_profiles VALUES(35,35,'NIP-0035','2026-03-03 05:00:15','2026-03-03 05:00:48',38,NULL,NULL,'"Wali Kelas"',NULL,NULL,'MOH035');
INSERT INTO teacher_profiles VALUES(36,36,'NIP-0036','2026-03-03 05:00:15','2026-03-03 05:00:48',28,NULL,NULL,'"Wali Kelas"',NULL,NULL,'CHU036');
INSERT INTO teacher_profiles VALUES(37,37,'NIP-0037','2026-03-03 05:00:16','2026-03-03 05:00:48',30,NULL,NULL,'"Wali Kelas"',NULL,NULL,'IMA037');
INSERT INTO teacher_profiles VALUES(38,38,'NIP-0038','2026-03-03 05:00:16','2026-03-03 05:00:48',35,NULL,NULL,'"Wali Kelas"',NULL,NULL,'ALI038');
INSERT INTO teacher_profiles VALUES(39,39,'NIP-0039','2026-03-03 05:00:17','2026-03-03 05:00:17',NULL,NULL,NULL,'"Guru"',NULL,NULL,'RR-039');
INSERT INTO teacher_profiles VALUES(40,40,'NIP-0040','2026-03-03 05:00:18','2026-03-03 05:00:48',46,NULL,NULL,'"Wali Kelas"',NULL,NULL,'ZOU040');
INSERT INTO teacher_profiles VALUES(41,41,'NIP-0041','2026-03-03 05:00:18','2026-03-06 14:56:59',NULL,NULL,NULL,'["Waka Humas"]',NULL,NULL,'MIR041');
INSERT INTO teacher_profiles VALUES(42,42,'NIP-0042','2026-03-03 05:00:19','2026-03-03 05:00:19',NULL,NULL,NULL,'"Guru"',NULL,NULL,'NUR042');
INSERT INTO teacher_profiles VALUES(43,43,'NIP-0043','2026-03-03 05:00:19','2026-03-03 05:00:48',16,NULL,NULL,'"Wali Kelas"',NULL,NULL,'SOL043');
INSERT INTO teacher_profiles VALUES(44,44,'NIP-0044','2026-03-03 05:00:19','2026-03-03 05:00:48',27,NULL,NULL,'"Wali Kelas"',NULL,NULL,'HJ-044');
INSERT INTO teacher_profiles VALUES(45,45,'NIP-0045','2026-03-03 05:00:19','2026-03-03 05:00:19',NULL,NULL,NULL,'"Guru"',NULL,NULL,'DRA045');
INSERT INTO teacher_profiles VALUES(46,46,'NIP-0046','2026-03-03 05:00:20','2026-03-12 06:48:08',NULL,NULL,NULL,'Guru',NULL,NULL,'TRI046');
INSERT INTO teacher_profiles VALUES(47,47,'NIP-0047','2026-03-03 05:00:20','2026-03-03 05:00:48',20,NULL,NULL,'"Wali Kelas"',NULL,NULL,'DIA047');
INSERT INTO teacher_profiles VALUES(48,48,'NIP-0048','2026-03-03 05:00:20','2026-03-06 14:58:16',NULL,NULL,NULL,'["Waka Sarpras"]',NULL,NULL,'FAJ048');
INSERT INTO teacher_profiles VALUES(49,49,'NIP-0049','2026-03-03 05:00:20','2026-03-03 05:00:48',NULL,NULL,NULL,'"Kapro DKV"',NULL,'Desain Komunikasi Visual','IDA049');
INSERT INTO teacher_profiles VALUES(50,50,'NIP-0050','2026-03-03 05:00:21','2026-03-03 05:00:48',32,NULL,NULL,'"Wali Kelas"',NULL,NULL,'VIT050');
INSERT INTO teacher_profiles VALUES(51,51,'NIP-0051','2026-03-03 05:00:21','2026-03-03 05:00:48',4,NULL,NULL,'"Wali Kelas"',NULL,NULL,'DEV051');
INSERT INTO teacher_profiles VALUES(52,52,'NIP-0052','2026-03-03 05:00:21','2026-03-03 05:00:21',NULL,NULL,NULL,'"Guru"',NULL,NULL,'MEG052');
INSERT INTO teacher_profiles VALUES(53,53,'NIP-0053','2026-03-03 05:00:21','2026-03-03 05:00:48',48,NULL,NULL,'"Wali Kelas"',NULL,NULL,'NUR053');
INSERT INTO teacher_profiles VALUES(54,54,'NIP-0054','2026-03-03 05:00:22','2026-03-03 05:00:48',37,NULL,NULL,'"Wali Kelas"',NULL,NULL,'TRI054');
INSERT INTO teacher_profiles VALUES(55,55,'NIP-0055','2026-03-03 05:00:22','2026-03-11 12:54:53',NULL,NULL,'schedules/teachers/gbAk8TYaV5Mj4X9IEowjeO6d6bIZgBM0nHfb0J9x.jpg','Guru',NULL,NULL,'ZUL055');
INSERT INTO teacher_profiles VALUES(56,56,'NIP-0056','2026-03-03 05:00:22','2026-03-03 05:00:22',NULL,NULL,NULL,'"Guru"',NULL,NULL,'FID056');
INSERT INTO teacher_profiles VALUES(57,57,'NIP-0057','2026-03-03 05:00:22','2026-03-03 05:00:48',24,NULL,NULL,'"Wali Kelas"',NULL,NULL,'RUF057');
INSERT INTO teacher_profiles VALUES(58,58,'NIP-0058','2026-03-03 05:00:22','2026-03-03 05:00:48',11,NULL,NULL,'"Wali Kelas"',NULL,NULL,'MIS058');
INSERT INTO teacher_profiles VALUES(59,59,'NIP-0059','2026-03-03 05:00:23','2026-03-03 05:00:48',45,NULL,NULL,'"Wali Kelas"',NULL,NULL,'LIN059');
INSERT INTO teacher_profiles VALUES(60,60,'NIP-0060','2026-03-03 05:00:23','2026-03-03 05:00:48',NULL,NULL,NULL,'"Kapro TMT"',NULL,'Teknik Mekatronika','ST-060');
INSERT INTO teacher_profiles VALUES(61,61,'NIP-0061','2026-03-03 05:00:23','2026-03-03 05:00:48',14,NULL,NULL,'"Wali Kelas"',NULL,NULL,'SUP061');
INSERT INTO teacher_profiles VALUES(62,62,'NIP-0062','2026-03-03 05:00:23','2026-03-03 05:00:48',39,NULL,NULL,'"Wali Kelas"',NULL,NULL,'AMI062');
INSERT INTO teacher_profiles VALUES(63,63,'NIP-0063','2026-03-03 05:00:24','2026-03-06 14:58:16',NULL,NULL,NULL,'["Waka Kurikulum"]',NULL,NULL,'FEN063');
INSERT INTO teacher_profiles VALUES(64,64,'NIP-0064','2026-03-03 05:00:24','2026-03-03 05:00:24',NULL,NULL,NULL,'"Guru"',NULL,NULL,'INA064');
INSERT INTO teacher_profiles VALUES(65,65,'NIP-0065','2026-03-03 05:00:24','2026-03-03 05:00:48',NULL,NULL,NULL,'"Kapro TEI"',NULL,'Teknik Elektronika Industri','TUT065');
INSERT INTO teacher_profiles VALUES(66,66,'NIP-0066','2026-03-03 05:00:24','2026-03-03 05:00:24',NULL,NULL,NULL,'"Guru"',NULL,NULL,'MAR066');
INSERT INTO teacher_profiles VALUES(67,67,'NIP-0067','2026-03-03 05:00:25','2026-03-03 05:00:48',7,NULL,NULL,'"Wali Kelas"',NULL,NULL,'AFF067');
INSERT INTO teacher_profiles VALUES(68,68,'NIP-0068','2026-03-03 05:00:25','2026-03-03 05:00:48',36,NULL,NULL,'"Wali Kelas"',NULL,NULL,'ARA068');
INSERT INTO teacher_profiles VALUES(69,69,'NIP-0069','2026-03-03 05:00:25','2026-03-06 14:58:16',NULL,NULL,NULL,'["Waka Humas"]',NULL,NULL,'ARI069');
INSERT INTO teacher_profiles VALUES(70,70,'NIP-0070','2026-03-03 05:00:25','2026-03-03 05:00:25',NULL,NULL,NULL,'"Guru"',NULL,NULL,'ARN070');
INSERT INTO teacher_profiles VALUES(71,71,'NIP-0071','2026-03-03 05:00:25','2026-03-03 05:00:48',33,NULL,NULL,'"Wali Kelas"',NULL,NULL,'DEN071');
INSERT INTO teacher_profiles VALUES(72,72,'NIP-0072','2026-03-03 05:00:26','2026-03-03 05:00:48',42,NULL,NULL,'"Wali Kelas"',NULL,NULL,'DWI072');
INSERT INTO teacher_profiles VALUES(73,73,'NIP-0073','2026-03-03 05:00:26','2026-03-03 05:00:48',40,NULL,NULL,'"Wali Kelas"',NULL,NULL,'LUL073');
INSERT INTO teacher_profiles VALUES(74,74,'NIP-0074','2026-03-03 05:00:26','2026-03-03 05:00:26',NULL,NULL,NULL,'"Guru"',NULL,NULL,'MEG074');
INSERT INTO teacher_profiles VALUES(75,75,'NIP-0075','2026-03-03 05:00:26','2026-03-06 14:56:59',NULL,NULL,NULL,'["Waka Sarpras"]',NULL,NULL,'NOF075');
INSERT INTO teacher_profiles VALUES(76,76,'NIP-0076','2026-03-03 05:00:27','2026-03-03 05:00:48',23,NULL,NULL,'"Wali Kelas"',NULL,NULL,'NUR076');
INSERT INTO teacher_profiles VALUES(77,77,'NIP-0077','2026-03-03 05:00:27','2026-03-03 05:00:48',22,NULL,NULL,'"Wali Kelas"',NULL,NULL,'RIS077');
INSERT INTO teacher_profiles VALUES(78,78,'NIP-0078','2026-03-03 05:00:27','2026-03-03 05:00:48',19,NULL,NULL,'"Wali Kelas"',NULL,NULL,'ROS078');
INSERT INTO teacher_profiles VALUES(79,79,'NIP-0079','2026-03-03 05:00:27','2026-03-03 05:00:48',44,NULL,NULL,'"Wali Kelas"',NULL,NULL,'SEN079');
INSERT INTO teacher_profiles VALUES(80,80,'NIP-0080','2026-03-03 05:00:28','2026-03-03 05:00:28',NULL,NULL,NULL,'"Guru"',NULL,NULL,'SUN080');
INSERT INTO teacher_profiles VALUES(81,81,'NIP-0081','2026-03-03 05:00:28','2026-03-06 14:56:59',NULL,NULL,NULL,'["Waka Kurikulum"]',NULL,NULL,'UDI081');
INSERT INTO teacher_profiles VALUES(82,82,'NIP-0082','2026-03-03 05:00:28','2026-03-03 05:00:48',17,NULL,NULL,'"Wali Kelas"',NULL,NULL,'MOC082');
INSERT INTO teacher_profiles VALUES(83,83,'NIP-0083','2026-03-03 05:00:29','2026-03-03 05:00:48',25,NULL,NULL,'"Wali Kelas"',NULL,NULL,'ADH083');
CREATE TABLE IF NOT EXISTS "student_follow_ups" ("id" integer primary key autoincrement not null, "student_id" integer not null, "teacher_id" integer not null, "note" text not null, "action" varchar, "date" date not null, "created_at" datetime, "updated_at" datetime, foreign key("student_id") references "users"("id") on delete cascade, foreign key("teacher_id") references "users"("id") on delete cascade);
COMMIT;
